index,windspeed,wind_direction
0,4.89150554408182,162.05236683378152
1,5.213277622206346,163.92360171363163
2,4.998532406911238,165.4224607663825
3,5.002262690758846,164.91786294740518
4,4.598931677886948,161.23642858344206
5,4.657278794399293,164.47922511859466
6,4.750385118981671,163.34314700468667
7,4.8759679161093334,167.04632929318208
8,5.0981805123565405,166.034992640516
9,5.3201761439269175,171.24466320662412
10,5.508909515031764,161.49005247602778
11,5.4150868957380975,162.28787726753006
12,5.197686515812855,161.0014816357141
13,5.280308249526457,167.16614627554185
14,5.035083094571642,164.75407919950163
15,4.94414248737687,162.68574374380484
16,4.7973038944576,163.12856761567284
17,4.699302929547603,160.7961574523904
18,4.512381549228384,159.17961977038416
19,4.349355297826717,157.59720655116953
20,4.292903169077704,154.03025508411022
21,4.287021337413752,161.4264427879983
22,4.236248267896013,158.85129900558638
23,4.343963761452642,158.21352944417524
24,4.385400106728863,157.8507284239498
25,4.437396253848666,164.58729194123276
26,4.148689636953837,160.38344552440466
27,3.89130963236137,170.19821877346607
28,3.92771312260561,172.50084796368012
29,3.7272562455431117,165.46499472328068
30,3.645779880360421,170.99450244811126
31,3.664681550246522,172.7407574689146
32,3.797741743749771,168.66779295055883
33,3.599636086410778,174.4088939986021
34,3.4246826427166144,159.87209886739038
35,3.403706877262754,173.9854486635755
36,3.8959414310492124,179.94446739852498
37,3.9811651435980884,176.80168167840884
38,3.3280379851374513,169.16289332744418
39,2.8535882095098337,173.25898012167815
40,3.0749620523974377,169.56907263103471
41,2.645507977816179,180.26556370438016
42,2.2957465665698935,174.46985269006112
43,2.3949051654532982,165.18818418255742
44,2.4248385194036093,161.23799008257512
45,2.2372289426620147,147.566366392407
46,2.515938980812072,162.19765568254107
47,2.329745648782221,169.00372741911258
48,2.8082335089229957,164.42814350180717
49,3.0068708994163678,154.50117523882287
50,3.1359369195271554,155.16483244473508
51,2.6725532145516664,157.2612807496584
52,3.045111937328948,148.26244152341982
53,3.25029813527491,153.94197788383678
54,3.6046970759277963,163.22388925918384
55,4.281855876117343,168.33467070470195
56,4.251384184274771,164.32688735136435
57,3.8264589215257425,142.2072018408243
58,3.5276884473309895,152.95449233199386
59,3.743698324483136,145.39968028223652
60,4.061052144420572,154.55439320287502
61,4.950138672161186,150.8923760340839
62,5.193352746998589,158.72596681550604
63,4.759365091742087,166.01906666018948
64,5.384506812457646,163.19686252814614
65,5.394438831643435,165.34707921543907
66,5.1001208788526275,164.01862018898103
67,4.866287292915206,165.8270874369773
68,4.703890665316236,160.0782702528233
69,4.664929235797183,165.6858248037924
70,4.635264610110403,164.58636344948147
71,4.559951028989073,163.94997544348024
72,4.4439325176802,163.20371307464183
73,4.3824986450166925,163.85323693973203
74,4.187261473745286,166.0694377163028
75,4.387833747502455,168.07411273915721
76,4.468615754799406,166.6737879184807
77,4.511191025318573,159.48526501804716
78,4.041469724332865,152.79112776149978
79,3.383781848168421,163.49225773788584
80,3.8861401619305616,168.24021697342653
81,3.541760198501219,163.63680548773112
82,3.5001910531604166,148.7449115065697
83,3.3685184632764233,154.39983914704214
84,2.9744869916873373,174.84625097793878
85,3.9679559585021074,180.32244037682764
86,3.9109759987812946,165.7767161308924
87,4.225533690570509,174.28452283229265
88,4.439357199187407,165.75030162132555
89,4.994850750683577,164.41178749940113
90,5.013045602642975,164.6472035260929
91,5.051578980269483,167.31247862613003
92,5.034661297334437,167.28302113692817
93,4.916077554020253,167.79650723798224
94,4.899713557737855,168.7814482770678
95,4.907596748930702,166.63415606263644
96,5.0457088417349185,168.92605872514807
97,4.84442941005026,163.83190305821577
98,5.063174329743281,163.72563828184238
99,4.812255813027516,161.7046035205628
100,4.718770238704911,165.95213525957672
101,4.491298681063059,168.7368154784504
102,4.609144429129308,162.44918654102804
103,4.659547899573273,164.98731615269216
104,4.338425477551385,165.91927224014762
105,4.641578321189952,164.3518641819708
106,4.654011728415127,166.8951881915248
107,4.433013810568976,165.9894381885845
108,5.0963670408790795,167.2724045193019
109,5.251959016464201,161.013100259794
110,5.0482290644793615,158.35575405479753
111,5.289687034072726,165.18025548687527
112,5.377881579691162,163.8292113742653
113,4.524799492461742,149.65370869064856
114,3.85243260832417,152.61223854360478
115,4.263967368368093,160.31508984123334
116,4.822875595733553,162.77432997254775
117,5.047715541172992,160.66093934652204
118,5.3759419972361995,160.94050918341824
119,5.0519719958984375,162.46097367177788
120,4.956544429998051,160.74566354282518
121,4.953095649222755,158.88386116422308
122,5.073969268446759,167.1677862634293
123,4.978502561339298,165.89859298756426
124,5.05519319704651,163.62484606057362
125,5.045211968213229,162.82174319765545
126,5.059951489214836,163.39908876897792
127,4.967555745155112,164.25223493975628
128,5.118039401872603,168.94862449637614
129,5.064057399303861,168.63397659790553
130,4.968557910793821,167.641976784047
131,4.721265457742999,166.77764637406347
132,4.76286948441741,165.63913002872172
133,4.95001033464997,167.60665537092913
134,5.218547269730211,164.50237989860108
135,5.096212461986956,167.2131433195558
136,5.143128210965454,165.802094756945
137,5.1237033054716115,167.7398233784409
138,4.789436739468687,170.75908504380627
139,4.804896558140772,167.36579973916577
140,4.642602156213293,167.0053832080835
141,4.709854450147983,168.8762936725188
142,4.471006437671511,177.31934603568578
143,4.686244644269502,170.54350309912004
144,4.556845779419977,170.51326111124936
145,4.246888918737255,170.07575043311118
146,4.02056736227777,165.54210545501826
147,3.9764120769500035,167.71465731066482
148,3.9617116564863815,175.23401903766637
149,4.175364666872181,166.7718774452227
150,4.950984954680401,166.80869197678217
151,4.695350969206611,164.85126767487841
152,4.646479958488346,152.99546619841732
153,4.242186279066025,154.8836376133689
154,3.9000784681861926,161.52859059968907
155,3.922486889751814,157.75162963605595
156,3.796315698700645,153.3510604794784
157,4.070064322862377,155.84102619341203
158,3.707101033035823,158.61636483523827
159,3.1590294656175932,137.85973701741398
160,2.573362259906077,137.46335657565123
161,2.838606488695244,171.5376276517292
162,3.206282197676278,171.22483424206138
163,3.2848426110347524,190.2495389417386
164,3.633849051032838,190.86503833362303
165,2.922181992747487,192.56695685018985
166,3.439672261879588,174.28940686250036
167,4.035440339858944,178.30974757915592
168,3.864891328306602,170.6741441929576
169,3.591434346874527,173.66741472991836
170,4.147061087766573,179.84306148489415
171,4.055189085253761,180.3928446528187
172,3.829410432014766,179.42581991470902
173,3.5027854811845156,175.18733369630303
174,3.6494601023710453,179.2407576751919
175,3.700347470293833,182.149665020118
176,3.7585385834243414,182.16683227866784
177,4.096151401725745,181.26074110537922
178,4.484931975887511,179.9075236088721
179,4.1331324607321385,188.09103325056503
180,3.929962479873834,181.99324814786831
181,3.9997691671173436,181.91516176861242
182,3.8354563310403487,179.9157209048448
183,3.986983215928718,182.6542811372281
184,3.8490413371002226,176.43429251794186
185,4.037503728214828,187.70282827781148
186,3.8154316202901746,167.33144309920817
187,4.513907067854997,162.68660141970457
188,3.351188984818547,149.0136594014914
189,3.9160378948974994,169.0856332468016
190,4.006858818073043,156.5401219854446
191,3.465354850457105,152.29951770513262
192,3.503506025102855,157.4313574675263
193,3.716317387191086,162.42223096365638
194,3.658185756537295,168.42697040852218
195,3.529638976670862,165.62905535107078
196,3.3154872237576387,163.55765899941701
197,3.835927635131929,153.88058845802797
198,3.8659697400197084,150.03206872686306
199,3.9410658342563796,146.33031662696447
200,4.046259353036073,137.8031310706365
201,3.426051627551788,147.27284079658
202,3.302297070487887,146.22764578127314
203,3.1745490947721193,162.17227008881545
204,3.54301525478716,149.31136171059276
205,3.6817105492523954,152.2461019912629
206,3.663757341316692,157.85166039338796
207,3.723763238805422,158.78324731396404
208,4.0346295401727525,155.18104043770435
209,4.600580568317935,157.6263865036844
210,4.723100019710941,161.03215544977115
211,4.618420322107769,162.18155005959278
212,4.150786655102312,163.91760802984643
213,3.830110401808712,164.4365164200663
214,3.8161653166887968,164.31409407993362
215,3.719685294452409,161.637669363179
216,3.7068195903279846,163.27580499521508
217,3.5622631339125235,165.89125576013745
218,3.2518525843780544,160.16377046847253
219,3.1982219697543854,161.07486270854864
220,3.282901333742765,159.87435248479701
221,3.4544023502150325,158.0018621329695
222,3.1453397011655886,164.98663420621034
223,3.268522903492859,164.94267951983488
224,3.319976838024326,164.92488383666054
225,2.9456219885275186,162.28396473792424
226,3.1718497633164002,163.73979529168807
227,2.9995894594125376,163.66768548376012
228,3.073184278123067,165.10511947513018
229,3.0296164324267987,165.09317961760098
230,2.8950324453224465,156.11680018085738
231,2.300133258036292,162.32280051414176
232,2.1444641838464578,149.3150747305923
233,2.3504251427699816,143.21225717738403
234,2.544926203964086,151.18451680053772
235,2.601785991113869,150.34201820090425
236,2.7367213517945856,150.3024412440321
237,2.5803586908958303,151.25420954463047
238,3.291655238472877,148.76614316249035
239,3.1860152980086607,153.05766988514884
240,3.186314782654871,156.97859313552604
241,3.171435994959205,163.0474093658375
242,2.870093023961237,169.4720610533901
243,3.830352979779767,177.78263400673796
244,3.491562651276427,156.43810152171199
245,3.4038890825749797,157.7169670299289
246,3.4839782854404766,152.37155893554902
247,3.626919008774612,154.25281027717193
248,3.7580347286856,156.61404147892839
249,3.8644994373628054,155.67863530326656
250,3.879106279443459,156.95765938927045
251,3.692507109158304,157.66605083157415
252,3.4294252606353806,156.85831131131673
253,3.4775950983655015,157.2841977906316
254,3.5480757526506235,160.0713465127097
255,3.365846709103485,157.7267461829912
256,3.1759662808814038,159.00655865422897
257,3.150778027064494,161.07873863166688
258,2.9295358143125694,162.11667541893192
259,2.749976642531001,157.77761235251953
260,2.8375399916064947,159.93842765545722
261,2.8687430539240384,159.8223355955249
262,2.8430584144849984,157.43469205271822
263,2.6884295040554376,160.6127156060646
264,2.6078327222791247,168.563374815509
265,2.5874797072324234,173.75527522968133
266,2.9342194274640487,170.1870390116537
267,2.640575953778506,176.7859479492913
268,2.9137188433535735,173.11722070595644
269,2.4063531344052347,173.02867536087257
270,2.3571564286440654,180.59955722261137
271,2.7196706567962563,164.00531741917976
272,2.740737508256662,156.05541284798173
273,2.6932767582834143,161.08300671366746
274,2.5277356277345646,164.29950935906737
275,2.5880640182674557,163.43117082040095
276,2.872055275946508,169.37641218504805
277,2.5245111907062974,164.9519420877337
278,2.3988359809067603,169.17307563793963
279,2.485769022602952,159.02706649052823
280,3.155422200766823,151.78438722126577
281,2.704720707382035,155.79652783920187
282,2.6313397586907477,150.1223957713452
283,2.8181438578249898,145.50182574869754
284,2.5603452281693495,143.84906315328
285,2.3443613811571993,147.16463941336067
286,2.019993620078119,145.93720952779935
287,2.224464626000808,149.31657096039714
288,2.1532109420526795,149.7110312527877
289,2.2618353704234524,124.7878650676529
290,2.210212311756303,116.4744829387184
291,2.399270185982808,147.3591434744962
292,2.677451986504371,144.59900882070087
293,2.7164503516400234,141.23210636539707
294,2.5541380305041583,162.29232102342354
295,2.5720069205809697,160.6170474941317
296,2.6071116509570285,150.85775681952762
297,2.40698974791893,160.68517937170404
298,2.1592837993008813,170.5745150637696
299,2.1775518258396174,143.16257506192449
300,2.4480456667573027,153.14859162615545
301,2.407311643271488,168.51694149263895
302,2.0343441255845316,154.54257025707426
303,1.7625934743669955,166.67190844609163
304,1.9345362064663918,166.4646986450522
305,2.205754707371478,145.60507566773845
306,2.165607605857703,140.1606990571299
307,2.5008075851024674,160.64697562710032
308,2.3567070765129605,172.91919974574077
309,2.4747924266135928,165.2604623453258
310,2.313750956236982,171.85443528499607
311,2.355791325943597,180.8502961122907
312,2.710406960059395,167.46192000391838
313,2.5511628734881535,175.39349899228625
314,2.501601961253319,182.41696705923616
315,2.233748561167084,169.81947771819472
316,2.0083298789459194,175.65158717500051
317,2.2405681429243653,172.32604770444965
318,2.275534053634702,178.86964698524838
319,2.4913836270014365,172.87762182125533
320,2.7864185777283943,169.8412883028529
321,2.815766438027193,174.03052957373114
322,2.6590043013348588,167.63872333245038
323,2.5617234357775764,161.032740657249
324,2.6612853757711177,159.14745264770255
325,2.7538400252668196,153.20507732002608
326,2.414548865575289,163.6485526383181
327,2.2753691515410273,135.01706755371413
328,2.1931994706230853,162.2631516593475
329,2.1854593112403706,155.47732064764455
330,1.9245324991372381,154.36010755824665
331,1.8060253236112187,155.5259001261638
332,1.6542130696208668,153.61569200733106
333,1.6176131338903654,149.8520728737398
334,1.7096526854146321,158.84586639724972
335,1.8638225079627868,161.5261934146306
336,1.8880201205686002,171.05406567035905
337,1.9406134440579308,167.81908392099447
338,1.7291489585810462,172.38315068743353
339,1.7624152724026463,176.97169149402563
340,1.8306735563896137,170.61982958371124
341,2.346490456444091,165.98310014359825
342,2.0074758245083,174.9635639199953
343,1.9788355353874831,166.92986697536466
344,2.6672653324604614,164.75678402778266
345,2.4864627036526383,168.8719294117049
346,2.2536983162883315,174.05996274769936
347,2.3911811477801925,177.78563493265446
348,2.328492209633323,169.52468648024043
349,2.1769857287992154,165.76044568165403
350,2.0865941658402893,183.11524867668908
351,2.0234921182559056,183.64015390499233
352,2.0591407295142763,183.4114691219747
353,2.0947226831904326,174.08456818102263
354,1.893678183056475,179.87912300736656
355,1.9890214616812092,188.60557508660384
356,1.9207081431410569,185.50127317749326
357,1.877589387741402,184.02491183202386
358,1.7345203600605794,176.53624536577996
359,2.336267985267126,174.98988694417804
360,2.0553525623784084,157.45904202181765
361,2.1724110406792696,171.12042443710942
362,2.3573639735417675,167.85107822928853
363,2.574923676585674,174.08662791834314
364,2.5488161796168773,180.71032573219205
365,3.364342886385824,195.82524005104287
366,3.8552663209100544,174.57040622953843
367,4.0118453969358505,166.4913405621848
368,3.825914122393449,160.52184423299568
369,4.016954279872375,155.05340174547314
370,4.017061491866282,139.77397207937193
371,3.391214356563842,138.67027421756595
372,4.034752068904329,163.01389637776188
373,5.598851436492118,171.45279477290148
374,4.592290077231694,156.58315301440462
375,3.947247518045577,179.8902801427112
376,4.049358226785267,129.5970854474651
377,4.633382087930122,159.16069513540785
378,4.145730580476965,143.46564380490247
379,4.346980016991435,134.63656516206478
380,3.149172894212831,96.12113875481046
381,3.993154692975255,115.91350647014772
382,4.962176675885162,135.1483190565123
383,6.651866936702561,133.1757483336543
384,6.487953875813513,122.32643665926332
385,6.166687365134143,115.25861286949687
386,6.045585125851468,124.84307741722142
387,6.812569252850036,134.58053182456314
388,6.229832349741681,134.0138069727369
389,5.830996773151488,135.9167119921692
390,6.135741889699154,133.2817072934987
391,6.201844508629306,126.34935556994384
392,5.472936114423997,131.0276064717133
393,5.46497635418612,134.34957830665803
394,4.605903752266379,129.95138264587553
395,5.361799291497223,150.55669735684452
396,5.74228712067762,143.88506611137004
397,4.780318505463697,143.74487126461682
398,4.733863760849285,142.15029018030756
399,4.26178791362685,154.20199376121028
400,4.205027859723795,133.2827207840428
401,4.91403409251885,136.2114599856159
402,5.058288419865342,135.98716332293105
403,4.71525623183038,138.88112462797383
404,4.598043301810333,150.0555131522218
405,4.279322813639879,143.54760905272988
406,4.315502497442422,145.798770596172
407,3.966151435239555,146.66258126190013
408,3.950968836573542,143.1129496415121
409,4.238127971636424,144.61528540548306
410,5.262335194541424,129.23407464672658
411,5.235754310552853,131.91234871501493
412,5.049829074091843,129.97819343199632
413,4.969561491572668,139.60705272580174
414,6.008564033862204,133.7272629720555
415,6.4092766808222175,147.06014102903325
416,6.464321473885407,141.26677983628443
417,4.334130976191168,161.691893015489
418,4.436211512455012,162.41686419953595
419,4.550188528758536,151.57178075182313
420,3.6734759881632084,148.9049491945198
421,3.871568263756438,155.19276281874207
422,4.00869361907662,142.43489656418217
423,4.310665871620128,144.30198128369506
424,4.7263450097591635,154.33337943352674
425,5.243420862110778,140.64745889898197
426,5.229792732731162,132.22764623957593
427,4.862419997114803,136.12360862929657
428,5.228700090691978,136.0363332743701
429,4.861190362710405,142.23385159487248
430,4.575903856924581,137.86016744189675
431,4.45888426391272,137.609007262669
432,4.602982806688349,157.99866347253536
433,4.849494051432867,144.07415427374997
434,4.451766738024442,140.93627797193562
435,3.792255781553225,140.0690283574908
436,3.6319810778029784,137.76064902414743
437,3.473173951229065,158.7985926796191
438,3.0634983953530157,171.40408856307903
439,3.041047916215854,151.68920584488072
440,3.679313216203464,142.87045102325132
441,3.4207102436444026,149.98471692069805
442,3.508435290021581,152.3147618887257
443,3.7676882514606422,150.8724035536349
444,3.605501282706088,155.75647941275474
445,4.133631576916686,153.31404864275086
446,4.892594347994751,153.06276343599237
447,4.50949209404985,151.56577613938362
448,4.354729633493726,165.73332678395315
449,3.700225340676889,151.47301471641222
450,3.0403993833976073,159.14461668581436
451,3.2621975499640072,169.16363109635026
452,3.89928043667775,170.75604300248108
453,4.187530345363957,165.4759171629073
454,3.7502936345710327,167.6944967390456
455,3.487070220741871,163.68840319468387
456,3.5119017237146473,162.32458983869313
457,3.356688201674239,160.90717126026001
458,3.0312218527612114,164.65064490245467
459,3.000472306799953,168.7045233802241
460,2.9905652867419334,160.13935809509974
461,2.7203288914256216,154.2649779348091
462,3.063026525351675,136.70062295501805
463,3.6365450635080094,130.32862196465044
464,3.3161496455608575,127.9795793701949
465,3.394183203527833,131.96745277611444
466,3.902702959648121,131.3482277255044
467,3.4589745879550793,132.45918268147292
468,2.6877920927540333,129.19459013588366
469,2.79587241993536,145.62900968905376
470,2.8680558708007133,140.91725630488787
471,2.5281592475759402,177.30833090275712
472,2.65408960557228,159.8175008802119
473,3.1007059718212804,149.09242802342146
474,2.661917263616255,136.65422631720045
475,3.0204798157378727,146.66473600204716
476,3.1883858421840188,150.39766171602372
477,2.5375994199399,149.19704302932874
478,3.72333054392164,129.4271433285035
479,4.7262800401718765,128.91615518750842
480,5.040059261483787,136.44647716682877
481,4.742154875750272,128.62540725298612
482,4.822282424716786,139.8003534572863
483,5.363950831097357,162.22974841412926
484,6.287324427748671,162.31071204903358
485,5.964371868262602,152.75994944785458
486,5.625107674570694,155.32440505829524
487,5.200003747577688,155.9309864165388
488,5.604528897669613,156.6266549462462
489,5.784974998168578,152.3994024588928
490,5.511078177104678,140.0975427172056
491,5.048545043508282,151.61649640278586
492,6.004642721273729,151.90368686189913
493,5.525715725884841,165.46006355593755
494,5.62691365851973,151.17171944444468
495,4.689234204335572,162.37056266550377
496,4.784095435274891,145.93909118319218
497,4.361591973664408,138.0563843066381
498,4.131023083071827,118.74092300596965
499,4.861798491458894,139.50510178301232
500,5.400293408969168,140.61984228599428
501,5.538628020328982,143.41817351743555
502,5.687175576103353,133.72757140309625
503,5.908713359894027,138.27129890378527
504,5.880740638435152,139.09447908381955
505,5.5189728554058455,139.74779450926144
506,5.677528312158916,138.22741371957596
507,5.591090346241199,137.88977523038173
508,5.582002480703264,132.1495105126999
509,5.514087693084435,141.82179758348994
510,5.091766180103725,141.16593504623154
511,5.21334817638759,144.10768397525646
512,5.247345770411823,154.53620825358644
513,5.123469996603283,146.79899714842875
514,5.046670768472114,147.04089923965878
515,4.568772007189172,138.0056707896376
516,4.754613444535492,160.5418793834368
517,4.327729390675685,158.6514359796958
518,4.300436018007978,155.77980220718612
519,4.2291877141138094,154.7516893012317
520,3.678277165045051,165.99897803063473
521,4.650147309114178,163.7345594533116
522,4.8803786059054595,164.1150705677715
523,4.169089874265378,166.7308483028183
524,4.134265074394623,171.6037328725774
525,4.419610738847691,163.1244737595084
526,4.456050008944432,158.41850307363924
527,4.6251302620099395,165.93901267489696
528,5.1664908049444245,159.53688732401835
529,4.447543351354789,170.90720094707177
530,4.786422308582444,175.8656028763498
531,4.893032156420522,175.30508572074896
532,4.673192268096187,180.74041725964898
533,4.86090410670638,175.10959794194616
534,4.547026360810143,179.28737211025526
535,4.526435370225581,167.8292691013461
536,4.813385078929869,177.88016877390635
537,4.626238314990037,179.97538841237582
538,4.998181827367144,182.09065904708956
539,5.126663447224325,184.06631877480598
540,4.95715846398501,174.98734795025294
541,4.874324064763518,175.4233580135941
542,5.071322433822292,169.80369642529882
543,4.5451989230069625,174.93167880250243
544,4.476569136585528,180.46624227367798
545,4.295969549823515,177.715367154258
546,4.202424374207524,175.36752236113045
547,3.858949387851026,181.79089181797167
548,3.405490676738123,178.9884621306311
549,3.0643889752318,184.88188067888123
550,3.209899088033909,165.04373463570226
551,3.092087392815989,157.3666501668629
552,3.459233234566827,161.04205071226968
553,3.497227250081709,154.69491678632204
554,2.9269857024016903,165.51220896322047
555,2.860375152273021,149.70443083605804
556,2.516826989720005,158.277255320602
557,2.60684194211473,166.9444729460698
558,2.949587064045702,180.71543491799608
559,3.503927054545601,178.5726840717249
560,3.350268848948294,184.58845013812282
561,3.6597236098385904,188.1824272524068
562,3.642838183476601,187.99242365528048
563,3.8684470750744344,173.1431399357794
564,3.330487913066572,143.94016761866936
565,2.7781662074009006,182.84586431274246
566,1.956930136892742,160.1925271294836
567,2.567176790007288,142.97987394865686
568,2.8138356441315824,182.76364112043788
569,3.4975314688226056,176.4160923279067
570,3.2983021632477096,162.54344186633313
571,3.7762390895839753,149.34455858802914
572,4.076331310340726,146.2268323349883
573,4.0948504081012125,150.49292854331526
574,3.9205991570947853,147.06162048119006
575,4.243030858474481,148.95058538961467
576,4.165019360450483,143.01416827309242
577,4.11776571085756,137.6622790810098
578,4.062308278454663,146.1672284614734
579,4.116308399306013,140.9129807674939
580,4.158026438665686,150.69341426711338
581,4.123632296700629,138.5487615086261
582,3.919227514100613,135.81123035480394
583,4.554723871146499,152.83501494266807
584,4.226243003931383,149.17013102031342
585,4.149006052743888,147.69981742294226
586,4.162092426565167,162.37754001541396
587,4.182874705961818,150.83890311997382
588,4.731412690780591,151.14025890902266
589,4.77911976542379,141.62011968492462
590,4.501460901227649,144.3752953494779
591,4.613370378361776,146.64677682840755
592,4.6952299235165125,151.2050007205611
593,4.467259847424431,151.21289722360825
594,3.7323912794362624,153.75044188429803
595,3.0079351331965487,152.42703416473572
596,3.2776463901628823,174.32200315186978
597,3.728169102604328,162.07593523569108
598,4.401526245134575,162.30083318302385
599,4.620683505039064,157.2792731767634
600,4.306948713026524,153.85249622461743
601,3.8806834143688835,157.5317043672867
602,3.812631034073453,169.38034472384487
603,3.7665763518615316,164.00306561335938
604,4.321921009648751,154.1854800173029
605,4.30864855311905,156.96043195744042
606,4.747174270334728,148.9562908951952
607,4.802860544393755,149.30058653292224
608,4.313044238742759,147.79919049420565
609,4.459379905461407,153.94702421890145
610,4.079759682671134,151.0018950242262
611,4.2089442768305405,152.55208979397378
612,4.154312180973915,159.22906079905857
613,3.9640319008052134,164.11737462223402
614,3.859784016905069,165.51785644125596
615,3.522253842126006,151.59912902481597
616,3.9840421590661745,157.293532241219
617,3.6834336126994467,156.5929467616954
618,3.8107562095056426,165.84525457175116
619,3.7946219033470467,176.19034835476273
620,3.5547806016140795,167.32386384909023
621,3.20301212781127,173.36150184855435
622,2.903729570028676,167.78408447459492
623,2.8327218017574376,166.6270644314152
624,3.1273597283702874,174.93019856323002
625,3.6848571123878378,171.64594005093028
626,4.107551919207007,166.86013654982608
627,4.97002322130433,165.75015548545215
628,4.87910416047478,159.5581008771412
629,4.281363445648132,161.8088231141128
630,4.786470012459227,154.15546628161823
631,5.2882460460514515,162.0699526561329
632,5.096281970631491,154.04150269099136
633,5.22002938693963,156.938775213739
634,5.669173032376564,158.5767877212736
635,5.474495059915406,158.26195544182968
636,5.244732316040721,154.07536153853945
637,5.6418124052970064,168.6431788193366
638,5.184448020648282,168.62168760984432
639,4.880568669624416,164.70207885314287
640,4.6544204893828045,149.73338551440307
641,5.6675743709899855,167.58220152392963
642,5.039800113232801,159.46860498519527
643,4.132964145278629,158.5748664487599
644,4.596344700264261,164.73761302608014
645,4.756877784208527,145.33226209603677
646,5.435546547505954,152.7990563429982
647,5.3984571816032965,156.8144407314676
648,5.928700373923772,155.9591645677821
649,6.179655751210301,164.60274921125907
650,5.35570466078868,152.59634470781342
651,4.917245201712504,153.92049465293016
652,4.961419563000254,154.48239851313434
653,4.704964654051569,152.8054114307637
654,4.6135806864994215,154.25968714711857
655,4.621209541819106,154.47193697168592
656,4.973175227376485,153.90704571894256
657,4.7837495848001,153.1264576411337
658,4.494558214535035,153.6344795405743
659,4.10429624797987,154.56812416195584
660,4.150001773554553,155.81549767814278
661,4.021496921232536,153.88877959902135
662,3.762044722504678,157.83421040981938
663,3.399053075930311,163.82870882069938
664,3.117345534403896,154.98197702913467
665,3.133958787138843,148.71734631836034
666,3.090996603952414,148.89256530277447
667,3.049564469195356,148.18514640535403
668,2.863365451913691,152.5686868969603
669,3.4304775303510655,152.09251200975845
670,4.458190879669018,104.98429998919254
671,4.168495229737035,99.05788812861766
672,3.8114340344095456,113.86892189228978
673,3.759120270644784,110.84052343448435
674,4.440615768807412,115.50004711715802
675,5.0144427199570485,109.46605297896663
676,3.877112172985347,112.83588732206861
677,4.194316108442849,112.03850402718618
678,4.184388251060055,111.82046180889274
679,3.668537808249351,108.04518762760395
680,3.458309300878805,111.18629438245613
681,3.755118849187104,105.05239233272778
682,3.886185677270703,122.17281452399874
683,3.4299201531034864,104.11768455087244
684,3.152660150469738,99.54304788000853
685,4.00650952694804,102.06949670962926
686,3.866158957448916,122.33763593714257
687,4.005914970313886,120.01494211210282
688,3.98457243122649,119.806423463944
689,3.8657016293958457,118.31235090106368
690,3.6636738894594125,113.56841822958454
691,4.203725654032781,112.11138146495993
692,3.706057058460508,105.5421182411512
693,3.4050785063631714,101.02982823026584
694,3.949703787038071,109.03166410241481
695,4.154546307231049,112.32285838375508
696,4.080765941343733,112.01859843868132
697,4.155262895675296,108.91698815936918
698,4.091653289111242,109.77166640794518
699,4.560425672606976,113.33072701917845
700,4.1456884517769135,120.2969947978064
701,4.020613759404188,114.22328977165371
702,3.975812561861913,122.3169099658176
703,3.8058093943557854,120.08432846691464
704,3.9821612569746665,109.53247191630967
705,3.800276015714127,108.84925677893008
706,3.8234211444290036,108.68929071847047
707,4.0802410126711655,103.10446245146976
708,4.133374203680652,106.39191246992087
709,4.096800294019238,112.61089338294367
710,4.093946285899076,108.64226962393428
711,4.296155513339539,115.79107050662267
712,4.443484617244075,113.83298503594271
713,4.3527626745091474,111.7641689728034
714,4.163015165426255,109.5413128160001
715,4.6604871236374805,114.12563653476576
716,4.491754720443765,113.39765335070994
717,4.580180815140569,112.27672903901187
718,4.555783596287049,109.00095244282232
719,4.51689869238877,112.0413880123916
720,4.4978669352328176,111.05835475113345
721,4.381121371812365,108.43494882292202
722,4.147686818268698,107.70312357857163
723,4.45311086274692,111.6605576454565
724,4.621528934840821,108.58906800670974
725,4.803035554003042,111.3759923908704
726,4.846359268938462,110.19660167379274
727,4.929576757982777,105.90696703322207
728,5.160291354420213,114.57663950630902
729,5.490980729901659,114.16408965388973
730,5.682050549168695,115.56838530213525
731,5.766045538638467,113.94484577315562
732,5.692822589338841,122.58267699808356
733,5.542877984968678,122.02987356624547
734,5.205656621606006,123.31959284513218
735,5.644200676146138,119.92649630731354
736,5.222019476849393,119.08411084332104
737,5.132747368930629,117.92379003217135
738,5.552676966876575,116.06476074037964
739,5.523450293279854,115.91935234671293
740,5.523216061088019,120.66532584658006
741,5.281390459805646,125.16421035979745
742,4.917016913362527,122.80559619757848
743,4.807832317492074,118.2598897637545
744,4.60222479068164,113.82742138057044
745,4.791779711596195,119.37549688219008
746,4.8802209272100034,120.61881442986598
747,4.9889987933945665,117.91731021242029
748,4.949677330675963,130.42388274226522
749,4.568074563141891,120.32404391129643
750,4.307388744307872,126.81787364726594
751,4.633492985164978,126.34061636390375
752,4.3449689112410335,119.23456253764998
753,4.415279809287557,121.02087653873836
754,4.091316718624748,130.07423146549226
755,3.8047758575458173,117.39617556142426
756,4.423736473427914,109.29333077430513
757,4.038405971831723,106.96028512683189
758,4.531005459067214,113.87883630870245
759,4.648141530934202,116.7235680027289
760,4.708659696243343,113.28413671805079
761,4.090718750447952,108.94740179334917
762,3.8107604927335865,109.60664594542561
763,3.67065922996237,109.28353352609979
764,4.120634333367022,113.78983696258236
765,4.215939975331298,106.65604433745979
766,5.104988865568093,113.62562833404453
767,4.982179766051117,114.10743007773635
768,5.00330888307921,110.7066609217424
769,4.69828820658638,117.01915474809879
770,4.468397569407567,115.56813182237951
771,4.609435380232647,120.43578225515367
772,4.07994241208892,114.27027325930946
773,4.102746305555519,108.23892297164585
774,3.686964394860013,108.20222158868762
775,4.028758793224242,108.41318817850187
776,3.849277182768758,105.41207847159012
777,3.774213283713595,107.08259024907494
778,3.308048508081813,101.9705506595245
779,3.0851586919141685,112.0232412139478
780,3.330932914763604,110.2601618170354
781,3.0992367585644,110.20031434818827
782,3.0180854750042867,114.5886682907503
783,3.353788546611163,113.82314895365646
784,3.46391443112211,111.18653364823405
785,3.6348389563828882,110.97780721287364
786,3.8100942367240864,114.03179898664403
787,3.6024906409333477,114.58041439652759
788,3.3396453438783,107.94345296650471
789,3.4243174654239246,106.34886320515272
790,3.1650845735925475,113.98687015587808
791,2.904244166603455,136.32418923634893
792,2.847749760206847,138.62595064428626
793,2.7058270002578775,136.96444008629135
794,2.638500247918391,136.1358468085238
795,2.7582261204862912,130.0915754334269
796,2.787578456145209,119.28172258368784
797,3.00029377373988,127.47381632255848
798,2.890652463362924,128.48157272029187
799,2.897990407634025,127.77688980536215
800,3.340847229576301,134.76288094190375
801,3.138046897366018,133.30896206705555
802,3.06299812394181,119.82634941766086
803,2.8176837113241144,120.4536635169556
804,3.1323061405279344,119.26312511527732
805,3.1518331971640374,111.6210055693754
806,3.2299772740313504,112.22190954875647
807,2.7570358694455757,135.99364027222728
808,3.7447235146813975,128.53823509413732
809,3.456830161123105,121.06188431731447
810,3.642545829614567,114.9266669699957
811,3.826120446461225,112.53126957707012
812,3.7943054878168923,121.83660225181052
813,3.6396307625774633,117.95637775447034
814,3.5902983753849163,123.79523922978923
815,3.6156527957863807,120.18048569688061
816,3.506187582666893,119.58049792935215
817,3.8747538017777043,120.82957462395771
818,3.986841444316941,120.65582970022518
819,4.147532348042284,117.63832439120324
820,4.19667923858053,121.98871292065368
821,4.063168817763736,124.4192328370417
822,4.078043782713061,123.61814817524174
823,4.082561050420065,120.03463750813239
824,4.402127975070898,121.86890381406164
825,4.422265981261184,115.9476334165038
826,3.5861386551514616,121.468391681751
827,3.9668658718151812,121.71027068295777
828,4.181462297426375,129.05354287586923
829,4.16476089822635,127.53047164136586
830,4.117751782183167,130.50201987885757
831,4.048668679639961,131.9588095835253
832,4.255682973684039,131.0740056828213
833,4.203914281483356,127.60028078542433
834,4.1956560946068935,119.9237888974313
835,3.7180459267067323,121.99230981519254
836,3.447834706582891,126.52637389152557
837,3.3431682917058563,122.51453250914285
838,3.531286876284569,120.13182770381943
839,3.0953366503363866,115.72519697462283
840,3.5107485859023284,128.06173680021186
841,3.328088165936348,132.07057507086833
842,3.457853651904925,120.23473668374537
843,3.936013513857754,121.63477036693578
844,4.131016221388461,120.80121909091234
845,4.227868682184148,113.97143049600477
846,4.1307619716544055,120.25955926576103
847,4.383755836320522,120.19601984372952
848,5.059347369042565,119.23426218183086
849,4.806465810244905,123.54906923208982
850,5.074343707672533,130.8489144908519
851,4.514944024962987,137.47966043220887
852,4.196144890704342,144.34341720420187
853,4.274702317854005,149.58233144948008
854,4.532335367704061,140.888369660648
855,4.054478476944551,148.51683506143758
856,3.418623790850346,134.65740793659162
857,3.791479895843414,134.94080142968647
858,4.656407049095937,132.34274380333804
859,5.384462306284335,142.91637889485153
860,5.639098452676742,151.34950629814455
861,5.8844386312734365,150.02354389326
862,5.929265193832197,148.75102719464348
863,5.805128062360574,146.9195597001225
864,5.492383124558727,149.4753042867665
865,5.299160940673657,145.36623593440464
866,5.67028417173302,147.61769012685497
867,5.433779555854252,146.14395606436682
868,4.770712103318577,153.53800843067532
869,4.546942049605464,136.83925957236852
870,4.768058776769993,136.22100984516632
871,5.30685185323615,147.1637791131028
872,6.06393450085394,159.63433393330362
873,6.611512159901292,168.9079470395529
874,6.432450421782458,169.12826436070787
875,6.564968739145524,169.6454741806195
876,6.8597091690545335,173.6041874979686
877,7.020229222960034,168.44731805186584
878,6.710992496818368,170.58445910438678
879,6.196289699867176,169.85368229674845
880,6.259758554694774,168.5742455141657
881,5.919293899911249,171.00198977917233
882,5.733170437206002,171.8349398835478
883,5.913792450734305,170.12093072085042
884,5.861556042544943,171.13869924147198
885,6.25710111783407,170.32809335930156
886,6.336320923795416,171.25456001081338
887,5.9600534759158315,172.82740568444373
888,5.665143421237252,177.6662886196013
889,5.539559727567416,179.2661322664625
890,5.742886995950467,171.3621258873058
891,5.3636356481756415,175.8324314786851
892,5.238356702083198,172.73134050607018
893,5.204955151494284,178.04073076375408
894,5.3453495763770675,178.77606272531918
895,5.062697643037365,176.69490573171947
896,4.726558604280091,174.43749497503183
897,4.397170149360713,176.35030253600723
898,4.653168401045276,185.37684184072714
899,5.012171462888211,178.60367720358187
900,4.649351812254931,182.11596975803386
901,4.792976446244435,184.47193311291454
902,4.562771436674704,182.78556203743133
903,4.636827840961736,182.30805774978577
904,4.363514099935892,182.39258240129098
905,4.353229910396168,184.89606621497407
906,4.0901150770716,187.01871966589707
907,3.9616838359537243,187.40790784705317
908,4.046572130769965,185.0565419274792
909,4.32402457477193,188.02418131897988
910,4.328971990709302,184.01607372368454
911,4.087608441028439,181.06298330843245
912,4.643911816774551,181.14191740320024
913,4.754918871917789,181.15398443518262
914,4.346849271765297,180.9173578628429
915,4.333883324876682,179.74092994008592
916,4.256197868730063,174.36877625851824
917,4.6167960650708855,180.80362137464286
918,4.2384314153122,181.98082611261933
919,4.159787505151193,179.7168271185966
920,4.497508810126657,181.00830161752563
921,4.308090020080606,177.99501066028444
922,4.070240422863673,167.38545655444452
923,3.886182448876762,171.75539953411527
924,3.8093669834199946,170.2017204623274
925,3.9179957636313976,172.92474035425883
926,3.8534460483459503,167.99679758547404
927,4.089894511857671,174.5266235182416
928,4.136034052834103,175.26361064992577
929,4.183531449674486,178.74634384268623
930,4.051734542029433,176.77097996723248
931,3.980490636298838,171.67647910965223
932,3.7621408298881756,173.37043809064951
933,3.70613025550264,171.08478396660448
934,3.6344834897080367,168.63903589439457
935,3.5721640849168343,171.0554911696228
936,3.5277692694027536,167.56472459097137
937,3.282136903123215,171.12872907350874
938,3.0134118747893677,165.6387753619646
939,3.108488349289185,149.34656024770413
940,3.7266457263130337,152.20517463804333
941,3.3524010235222934,161.9303198684119
942,2.769092532088149,151.9207239284438
943,3.530197093602346,167.85631305310997
944,3.8507481943614508,172.30268728409072
945,3.023075698250954,162.0079020855253
946,3.319461380380254,166.18552394240737
947,3.7365809663160707,145.18043016408393
948,4.528337298622706,137.94394395399598
949,4.378530194561001,132.44495741031162
950,3.7440604937389756,131.74479750188723
951,4.374026349598234,137.21551939276537
952,4.20079654037201,158.27842546579754
953,4.99297376784824,174.06892031401173
954,5.490308266066841,170.3300593572204
955,4.929619630389971,174.16873353732242
956,4.4207360618605795,176.92750412518953
957,4.151906855073336,159.4873702587461
958,4.588892225250849,176.97915358179168
959,5.195873004629121,181.1591494222106
960,5.326185844996723,167.1719569348574
961,5.802621907605407,178.18904556026877
962,5.142770734207208,179.98729019996156
963,5.357555474303601,171.9106695479228
964,5.679834509177337,169.32666110194327
965,5.203889004206622,166.48533659020168
966,4.992265950985757,166.9545044192908
967,4.950283020800084,170.92328046651303
968,4.838942036041569,167.53677308576474
969,5.0467615963605255,168.7836097102222
970,5.133112726919744,161.65473925333458
971,4.549973441824445,160.91432908136125
972,4.607210167738061,164.8946680844934
973,4.870678421677752,167.95382776217062
974,4.629999042208888,172.76366680675739
975,4.6433974941034535,171.25932364945353
976,4.886145904795418,172.9153001868031
977,4.9937015732959695,173.94856070080985
978,4.803770703176102,177.72726273499313
979,4.659387520992256,176.241099095801
980,4.344010888622136,181.412596961143
981,4.082648468344276,175.41066244063293
982,3.5483122454421743,176.8698777782328
983,3.035222079585492,174.25105057429852
984,2.657889896064824,166.81575099695144
985,2.8944348278110628,163.97625338030707
986,2.7570315779080543,181.00473353947595
987,3.0346857174149187,171.2963656788001
988,3.0484962259152226,184.35310326609238
989,3.263794139948695,162.94728981996394
990,3.0522219735822773,159.2956449164111
991,3.020825959630721,159.95750809597033
992,2.517561395692134,157.06700396601306
993,1.8266672582253445,161.50676454457727
994,1.9866865268784417,162.4407833069711
995,1.885553627413356,171.12116721352018
996,1.7938207100693613,179.19158559557883
997,1.6743979711282495,156.37999811274062
998,1.3274994077287523,192.84067901209278
999,1.1582398662315774,182.2549444897721
1000,2.4313871925380894,179.36901472251495
1001,2.4243043117392507,177.76998267204925
1002,2.7659939368879485,140.2790071796181
1003,3.0666294251720014,161.74567440662622
1004,3.1669704944332144,154.71681638966382
1005,2.7319974844418873,168.62965020618003
1006,3.162376790686947,171.85875710942733
1007,4.010002108420537,168.48351443896811
1008,4.540011465758912,174.69008752121988
1009,4.888466678866681,185.4344591548972
1010,4.486713706637904,177.61620105546723
1011,4.466031279507541,172.34717850331066
1012,4.1379804616090485,173.24196521075135
1013,3.9563476369252544,173.917419545717
1014,3.8489702376341466,178.96989643299312
1015,3.944265645552365,182.08302674145222
1016,4.286210623354837,182.70581110451317
1017,3.886400249922882,185.19577492177154
1018,3.9489638880905904,181.50458343090904
1019,4.041999190268057,177.0592601978019
1020,3.8204918799578698,172.06023462586253
1021,3.9352943092317028,172.92176334311475
1022,4.011990313759245,178.97902365354528
1023,3.983367325991276,184.3730944890056
1024,3.865851732235291,179.75579996770117
1025,3.7040151140539956,179.48884680623897
1026,4.0183732719490814,179.06678401174892
1027,3.8423380182619544,172.53027921313486
1028,3.6618882981313146,183.1632522378174
1029,3.6650977526573447,186.53713245997352
1030,3.6623112143254772,185.26076140604752
1031,3.6045691279924004,180.4004478524563
1032,3.775987771234755,177.36268266153127
1033,3.843731356072176,174.82378647238738
1034,3.9342720161038462,173.11098485098609
1035,3.69872276079059,177.57848694396029
1036,3.41664636550451,178.88270272548755
1037,3.4096974148728236,176.83603198199614
1038,3.248700529411461,178.14476757367882
1039,3.359782646838277,178.95303112244488
1040,3.3878091330873605,170.81660861360254
1041,3.2110242654936196,173.96588511799814
1042,3.1959457105499633,165.52309427632144
1043,3.2217579271060433,168.14156071929
1044,3.438659855663088,162.46473646162366
1045,3.32506488678259,164.84558733000287
1046,3.5089204850412496,163.5417775294213
1047,3.5869517232542094,169.83148327063216
1048,3.426707055406255,172.5278928163728
1049,3.1763659463457716,186.13783214721022
1050,2.8771756358289133,173.46992236099175
1051,2.8936768937391886,165.1005707851416
1052,2.926302486995573,167.1639479794637
1053,3.1457463333069575,166.86491037533116
1054,3.249499435976288,169.177217302405
1055,3.3919810430877257,180.49053407204144
1056,3.3449845099433895,176.79083208142288
1057,3.0121149691694438,188.15945333070854
1058,3.125992603231241,175.32427486196605
1059,3.239671034714577,174.76797955287196
1060,3.3228935775798543,171.60535763922425
1061,3.017551048986671,167.93223104134668
1062,3.205956240490823,172.53761655635935
1063,3.386884898881602,173.71296681470432
1064,3.335494539692036,171.99554068111576
1065,3.2442012520622705,174.94356083503538
1066,3.001623515396667,173.57099046881956
1067,3.078471912716943,163.2781236644315
1068,3.143955252111331,170.0009723143427
1069,3.181327403668671,167.36544516685217
1070,3.18829998413392,172.93770360210942
1071,3.1552012381903176,174.24460113833507
1072,3.135609349089949,174.94390122980735
1073,2.9164554932714655,183.94654280773327
1074,3.1406235983015267,181.54968927582973
1075,2.8466955140397996,182.0163372516975
1076,2.725391609542216,173.91530613473125
1077,2.7130681851352856,174.37663078799824
1078,2.815995614253183,171.0746613076382
1079,3.0209603498008586,183.33617176721484
1080,3.3108064486839575,181.3639275316029
1081,2.9540728126999514,175.12431243845108
1082,2.7110495325178636,172.4573975621809
1083,2.844792733408104,162.9417208121877
1084,2.6490840824489683,149.19891840347876
1085,2.5363253561697103,160.3694459622269
1086,2.6400091057985273,159.72989516140635
1087,2.826572076441938,140.0941810390666
1088,2.8138683486741516,131.41152705623685
1089,2.707119665641193,144.81015683479092
1090,2.56525455959916,124.51993762632864
1091,3.052345641410576,127.5724163366254
1092,2.7975858560110516,124.39677349677868
1093,2.9376167382381877,131.41189332611077
1094,2.795822231659707,126.94617830026
1095,1.809699165846985,151.62683826414894
1096,1.5522605032989576,121.80979436241235
1097,1.8622734641362548,137.38979906109856
1098,2.1690646050474407,155.8247393508891
1099,2.3404726522344848,162.92290887559415
1100,2.4236278545739816,122.98045393191906
1101,2.391413582457798,122.91978974566295
1102,2.772809269601954,113.40647542796856
1103,3.1863891399937785,98.21992562747627
1104,3.654505790012534,117.22558094851114
1105,4.007721222380389,110.07658728656381
1106,4.262406551249753,110.55604521958347
1107,4.1167375737084795,113.79324929990561
1108,3.409442421300708,110.70126321246819
1109,3.3889328290164595,107.30833338430386
1110,3.608466522046954,91.19291163005174
1111,4.468080511413743,85.34864278598899
1112,3.916818096049116,89.06327656095307
1113,3.5234612957111935,84.80416881175168
1114,4.111579721968374,88.56517194924562
1115,4.125987299725836,90.82596319187518
1116,3.427541800052256,104.93141717813755
1117,3.607494428983339,90.87158819714517
1118,3.739990866422816,87.11386630569349
1119,3.4483456154392473,81.9924351136467
1120,3.4278055601536295,79.70250574208968
1121,3.350157853243199,84.06381390759218
1122,3.196861083859306,97.07834045846795
1123,3.295059635011448,81.07103676226095
1124,3.1355283573703936,93.88449157005307
1125,3.0906351310413034,103.50267121571808
1126,3.0597562017729665,90.12106855623587
1127,3.3555175594720072,105.66093111271913
1128,3.1011850188043826,90.45025226003757
1129,3.3434689101578625,100.42747983827714
1130,2.742313214781264,82.41466948490725
1131,2.2268624631416873,69.0467581892211
1132,2.4270004265742227,71.12121484431943
1133,2.928108617192616,66.35882794021278
1134,3.20654601731092,66.653263004572
1135,2.7116614680917213,60.52874995549346
1136,3.020555230150178,79.8194777181947
1137,3.1388268186055646,86.9304060038949
1138,3.2347342267120975,85.55345273097132
1139,3.0273053996361443,81.54372925394097
1140,3.1623475270983112,91.93723332541855
1141,3.0303205475921002,91.39886523134102
1142,3.3298390648237866,94.15735977520883
1143,3.3057485259102557,102.56167374620962
1144,3.041975283880989,92.35451261427298
1145,3.186690428842971,100.10789813127064
1146,3.4411256507112626,89.4474472582742
1147,3.539975637282343,99.52033064302056
1148,3.616559841245514,88.51213247117222
1149,3.4257543461618694,101.512021653605
1150,3.6988170856881197,101.20019393708229
1151,3.734199695170318,101.78896789872707
1152,3.6940116442649713,102.30902973602545
1153,3.504379665063108,104.32135467960882
1154,3.6144322647907137,110.98680853474809
1155,4.01299770067828,108.4159168423853
1156,3.571597819761289,109.89711190340785
1157,3.7878183106360828,109.19468849418388
1158,3.8707940011200797,113.44209083789791
1159,3.9062796886376865,112.92718668928377
1160,3.794905010827373,112.53480234742015
1161,3.7119650148458265,111.30703769629297
1162,3.672659869946546,116.78511974053872
1163,3.475299055469261,117.57541319872475
1164,3.1363215590693256,109.03399970583055
1165,3.1719570345676806,109.3133305245168
1166,3.15648431763481,100.46019163182183
1167,3.255863300740282,106.24369316363365
1168,3.258884357577823,103.61008785865708
1169,3.5262694364225506,104.43567981715478
1170,3.417159385540238,109.79175296713771
1171,3.6312277443649683,103.39555695496091
1172,3.40503261199453,106.98685687467946
1173,3.4189753425024585,106.56841303183143
1174,3.2422982162581255,108.67031748520192
1175,3.322946126706189,102.37040224502071
1176,3.314051504344368,93.02155204929417
1177,3.050599911347943,103.21274687833525
1178,2.7965762014958706,95.70624942199201
1179,2.6460056923027904,96.29517496672165
1180,2.605923662746769,106.46854010162298
1181,2.8234654561053527,101.70421978630343
1182,2.7869959884334836,104.53229842832174
1183,2.80244581786451,111.66395985732812
1184,2.964743561194389,106.96984624385469
1185,3.5642027403039487,114.84290673160322
1186,3.402302991920127,106.62253853864591
1187,3.776045566932198,106.15576866079175
1188,4.359551983774561,128.33282397507847
1189,3.870978074939844,121.17233727787952
1190,4.2733864708772265,111.21573375683444
1191,4.108586188448296,122.8332373649322
1192,4.271770484129772,128.2534477539854
1193,4.280633150423817,113.88714609763211
1194,3.4028476993374617,96.17122925641294
1195,3.6052553134484935,108.96508505285878
1196,3.4685201216694668,106.01293889028035
1197,2.8428834438817088,111.57990628762005
1198,3.613316377170195,114.385371552251
1199,3.1893415795868707,103.45676268388226
1200,4.295846838565187,127.64790916319126
1201,4.86941032984174,108.75315144872643
1202,4.564024850076908,119.39203117280034
1203,4.073793585154446,121.11044557691169
1204,3.563374923512027,114.0208474732535
1205,3.63521404165633,119.76070012026008
1206,3.4764738105340465,122.32088713306106
1207,4.776892175785712,121.79871672474002
1208,4.797926034333137,126.28752364923778
1209,4.724527200589442,107.92920763319947
1210,4.481420095738806,118.15163464070712
1211,4.998414075853151,116.27955136044952
1212,5.058057884710262,111.33373026387409
1213,5.5867504282644695,104.14875226992822
1214,5.359713868279621,102.0179177221977
1215,5.202604492065469,107.94969671499804
1216,5.039983032426225,105.24634547194874
1217,5.060997731542705,119.3072053030415
1218,4.931690333965664,105.61722188513659
1219,4.678609934672557,105.58296037983223
1220,4.598064555879656,101.81552601220417
1221,4.219158666686835,95.92701162751558
1222,4.608052386818485,90.98489095978277
1223,4.314788930839739,94.33704869520383
1224,4.17687397332817,103.27815739849417
1225,4.212475230860707,101.45932340395245
1226,3.759035912872265,89.00829460625246
1227,3.8116182325966426,90.69731018336066
1228,3.568428677910604,107.88992037295729
1229,3.9187951829702268,96.13517511470641
1230,3.759981821250809,88.06607208661704
1231,3.6858451250350197,95.94721252076569
1232,3.6482432798692312,88.77412917618244
1233,3.3704206862205655,90.91136566150249
1234,3.199420046456744,102.81248770415657
1235,2.79216565449457,100.20693131578093
1236,2.6967332531684325,92.79393940134824
1237,3.0178224807536154,105.91617401226594
1238,3.0014923364449526,108.09178688329321
1239,2.7643999558584946,110.26132556200498
1240,3.1097671294255154,101.44711284919589
1241,3.2084887803446023,92.01996819772415
1242,2.8888843154286783,100.9781713901927
1243,3.380782229854482,103.33487346024653
1244,3.6272376827629977,105.03013260754476
1245,3.5477506528838703,100.20595223547492
1246,3.5722248283502753,88.90977916956562
1247,3.2719807542737933,99.37267311296243
1248,3.3017635942308754,105.65519298388054
1249,3.1387253873233187,88.935413554628
1250,2.5785497239816966,100.10075920404238
1251,2.5466517762332015,88.74351092842478
1252,3.657470953184093,112.2069849396796
1253,4.09443959773704,119.86543080503198
1254,3.7142363030606496,110.04447338319592
1255,3.9399884362245254,99.95197398069315
1256,3.483314775648824,95.46824467410143
1257,3.878188728586494,108.66060235533354
1258,4.077110842493913,107.9515902114205
1259,4.83489550904047,117.09829536222179
1260,4.605848760724826,116.51905818714707
1261,4.676286715530717,119.45989520638616
1262,4.7924255311265105,120.29035336685655
1263,4.658241563843341,112.78263390688545
1264,4.665071685838418,113.42079744476399
1265,3.7831394326269767,117.8733338410272
1266,4.321951085838858,126.14792834256059
1267,4.748217557732696,119.60046879994478
1268,4.989871845872519,117.94088618074164
1269,4.942615173332673,120.25228980345594
1270,5.146733514998941,133.73638737257804
1271,5.335520576863242,140.8861493770276
1272,5.26139210540378,132.00936419364837
1273,5.199250733341766,134.70842094200745
1274,5.321206768093442,131.3140166736753
1275,4.740658689700398,140.37409054004945
1276,4.45118672919001,164.9151839928851
1277,5.263993511659006,168.42058618192186
1278,4.911188940296138,163.32044503654166
1279,4.921525591632813,158.95770382555284
1280,4.950887971400752,154.6575390148991
1281,4.832736546610082,161.42990216403888
1282,4.649320566173625,161.95101990121424
1283,4.0824363316772025,167.09727778858175
1284,3.9087385477581424,164.90304729824797
1285,3.8206571961132534,163.7720931399618
1286,3.532497695252869,164.54958771983448
1287,3.337097348527249,164.2602949220224
1288,3.32560493618205,165.40113886019745
1289,3.296983352655704,166.87959684702273
1290,3.2409962531568137,167.08218715606603
1291,3.166495227672419,175.31324393038642
1292,2.8948460453999125,170.40325262012018
1293,3.2181900113536783,170.3464866710104
1294,3.407734915450156,169.08411756830694
1295,3.4576755374630905,168.0649096870611
1296,3.4230154177322185,174.84299688598196
1297,3.240814316540633,175.54839254074776
1298,3.3345858186708863,169.24272071751574
1299,3.1999102182753925,167.73362013358553
1300,3.2916258041916446,175.42607874009914
1301,3.3956441975640637,172.8173360417169
1302,3.5727418688898505,171.89375100812666
1303,3.330508094116757,178.14222028974322
1304,3.3706020088110416,173.86678842841818
1305,3.0516543128892697,177.00077757840336
1306,2.8146833297387697,177.63076856124206
1307,2.8316975188664575,174.86226516437793
1308,2.7421046186001274,173.60596545364544
1309,2.72868051501285,173.41137936302746
1310,2.6789282861054082,174.81325870519547
1311,2.620695286547717,172.5327125367722
1312,2.5644199570675905,177.0719981722584
1313,2.3447293330543597,177.86201451791388
1314,2.748009189059931,175.77205953331855
1315,2.8476333987546627,184.38866755210012
1316,2.477178362756973,180.38598678060623
1317,2.359303739647552,175.9998142394869
1318,2.1833376238689137,187.82118696163118
1319,2.1498197876368073,181.13692245611267
1320,1.6170950958930672,186.00285636220707
1321,1.8000822677070154,196.58552279445718
1322,1.8709593610863857,189.28930290195953
1323,1.6387726841956816,197.01304423536916
1324,1.5189494330381084,184.39344548357792
1325,1.7809241250690095,196.89864869403823
1326,1.7724526863411316,195.90047565962624
1327,2.097152943996302,186.37273075585972
1328,1.8173890191637827,174.7495519771586
1329,1.9844546080263348,179.16760485741918
1330,1.7604703371689974,178.7276429632468
1331,1.9404415288790213,188.611291687
1332,1.8230864022141016,161.60919275502658
1333,1.5684149292676342,161.91182704738304
1334,1.2371406946773382,170.68772842215688
1335,1.4901913799712394,146.7041632675438
1336,1.653963474484603,150.37077091641063
1337,1.7019339224717593,165.90880786326545
1338,2.05087329421122,179.24002353462683
1339,2.280522465979874,191.56312521151563
1340,2.266487279513183,182.10100518178763
1341,2.2960186616969014,177.29008801029048
1342,2.344337054868324,168.2956263480283
1343,2.329493507723546,176.38998654294664
1344,2.107745763647097,185.9257756564896
1345,2.3226205378711504,195.56743155368383
1346,2.4380451397104377,190.98962397577515
1347,2.664882919395969,180.75871758689615
1348,2.85960202368841,190.21378091908775
1349,2.7324107459360247,172.5636735139874
1350,2.6636874614818655,177.1711606382128
1351,2.407210071327189,183.3357798042419
1352,2.3224832120551877,182.8481879113879
1353,2.1158150267940403,186.56858873642076
1354,2.1494741686772008,182.9728061563961
1355,2.4864041522928777,184.5782424041008
1356,3.1176657542303463,169.34046317708422
1357,3.304353368207573,195.68739222532272
1358,4.2074994718637875,191.19538901607885
1359,3.9301653325725487,181.93225623407665
1360,4.277395429426562,176.62275838555226
1361,4.052212841595884,183.78277479032496
1362,3.770512530743114,179.06056846429473
1363,3.934399932440977,181.88050430284642
1364,3.8904340338633685,178.80331522832662
1365,3.9747119198156176,167.93481922892855
1366,4.416956145896005,174.24562321442195
1367,4.845484363921843,186.52904859918826
1368,4.227041777147303,187.44970943334172
1369,4.270662751606999,181.33709577918287
1370,4.409181786141994,181.693106677214
1371,4.191775111675164,179.35061660213591
1372,3.9951140590238796,182.27256905300226
1373,3.4438053007509164,178.73583838037496
1374,3.7724746491141143,174.81634502585635
1375,4.504178933902747,168.61157303744076
1376,3.9206508255981407,175.7369830192529
1377,3.951413531667632,172.04723290858792
1378,3.70244015876702,181.4484037897807
1379,3.501737416925869,183.53142916063285
1380,3.0700916968378182,178.48954674162653
1381,2.844521808322107,175.12336194888493
1382,2.6495877130565297,197.48580140236203
1383,2.3268386923378377,187.87347735285135
1384,2.7257391441579437,183.45084319375115
1385,2.713344207197353,193.24051991518718
1386,2.798084268909056,181.48277243197964
1387,2.8369158627857103,180.43300692255576
1388,2.8401696831386443,176.7156177976982
1389,3.0593656692915436,178.43703733205413
1390,2.8609198017869,174.0821825506436
1391,2.939457653875483,169.2744825164044
1392,2.893979981041598,168.98256040232485
1393,3.2080959258218726,179.14413627245884
1394,3.0946539804823767,172.30717481559833
1395,2.833258940131629,181.90633032835572
1396,2.8662610655301357,178.99973026940114
1397,2.862287021480007,164.71402930753476
1398,3.11578735421657,188.72744191704487
1399,3.0795923743289912,190.0079798014413
1400,3.1853048580220005,159.31881424308443
1401,3.5869101321084838,170.28556483544278
1402,3.088949216990062,176.1129406699854
1403,3.0892622209633216,172.09380532737723
1404,2.799217036182357,172.8804886260537
1405,2.308342067859808,166.63833602813426
1406,2.346825041412171,164.42230127803379
1407,2.1212766144608213,154.25324417031607
1408,2.5173444300045698,165.98153552804192
1409,2.74750154296185,155.5488688945317
1410,2.696321775740748,160.1431075186356
1411,2.4577003916259423,155.36608516887634
1412,2.164797048961941,157.0057577459679
1413,2.257439307258851,157.49984353523368
1414,2.3278746023911636,145.9096191310763
1415,2.0323136003326487,157.00892142682548
1416,2.2774291356007805,151.1059684184785
1417,2.438463332909406,145.96225059541968
1418,2.5006261667367333,141.8465940651968
1419,2.4917013563720403,145.11302430295837
1420,2.509390472873905,140.53376479632422
1421,2.4917388857144913,141.16257178022096
1422,2.074251058841535,130.4375388781465
1423,2.077955540119984,144.6405826433697
1424,1.7820363991409858,148.44671166388864
1425,1.798236900816969,140.4065320638669
1426,1.7907090778813395,144.83760094954093
1427,1.475062930403262,163.9252460115297
1428,1.8435840841770836,168.62210103411948
1429,1.9990241907200013,159.9446691867801
1430,2.388448349487121,152.355043173575
1431,2.6952689091238966,158.98513424789465
1432,2.6748237554097622,153.17878460049167
1433,2.4981268322754153,153.7918618507237
1434,2.775048496899189,156.80411812245404
1435,2.701399499563626,155.30296028679675
1436,2.6784107148445377,152.80972207877682
1437,2.6760349293311485,162.1941500781292
1438,2.5724388613091884,165.715700541205
1439,2.7706977573428024,166.61848638045345
1440,2.872760799761047,165.41455452046466
1441,2.80525166944995,164.37118154149385
1442,3.145189241121618,161.35193160187538
1443,3.1674767422678425,159.18623144017715
1444,2.843017455036649,156.52031158745405
1445,2.551814610755832,147.8501922754765
1446,2.461474138217911,167.56306808286385
1447,2.076605184298807,166.22317030546034
1448,1.8856421979505005,166.66038172049946
1449,1.7397655397539469,163.94485972344444
1450,1.4820944520437385,179.27992702314629
1451,1.90397814892132,165.3858985621067
1452,2.013523250914024,164.4728980717363
1453,1.828573998641945,161.30194983539155
1454,1.7689898261606811,158.19257457714016
1455,1.9591076998010775,148.89247137149442
1456,1.8587542923886649,164.2815971564427
1457,1.9845884605227893,159.66362242087195
1458,2.3211330064226083,158.75830458102752
1459,2.2713109537783644,160.7815406572832
1460,2.2653934067756154,142.88768236423647
1461,2.4854639801790364,139.5131727552136
1462,2.3763402218579386,144.6807988593851
1463,2.3730660065475937,148.35534096290743
1464,2.390007863487326,153.14953110270292
1465,2.610853461408976,154.91385728696272
1466,2.7233914731332676,160.16914838153124
1467,2.8091000562663058,164.4871256729415
1468,3.0739192002109963,153.66498740492995
1469,2.8310712626655974,153.87043380384918
1470,3.281772177621859,170.54827242563934
1471,2.7050756147451107,161.81067688596607
1472,2.6608510447336275,98.55734234518026
1473,2.1775604591353175,87.2357765896985
1474,2.6851301847695264,86.55003619330243
1475,2.7906141513016434,87.10724402590553
1476,2.8581791020161513,86.52388979670032
1477,2.605688094393088,80.1322183958038
1478,2.7695769055593367,100.52684719890907
1479,2.9211668763036513,109.82966801715725
1480,2.717286568888699,108.38842633499137
1481,2.576629563442232,95.46327161283477
1482,2.771256882141636,106.85494922353045
1483,2.8255734674064112,111.31994368051346
1484,2.572858036344765,105.12400730831057
1485,2.6767595227348395,104.91494419583815
1486,2.471890014307766,108.11351724687398
1487,1.9884996141521636,114.29560021849956
1488,1.6829869106454423,90.25785505262786
1489,1.8677236471104872,108.39306595062106
1490,1.680847513000903,103.13293315725922
1491,1.5023741841828455,105.5530378213136
1492,1.9050861554623846,84.41536440570493
1493,1.7817327722873375,107.75162823260878
1494,1.7602841045594937,60.565259926416886
1495,2.173542312429075,81.80096920611392
1496,1.8232181779436907,92.89897936365469
1497,2.3233818299994615,91.63147148975668
1498,2.0899881264824987,74.58040056963324
1499,2.3190870782692294,72.01877670216676
1500,2.0741780795713454,74.51519280394032
1501,2.3093955634839123,75.18122286352374
1502,2.2788645993140495,62.8235841353197
1503,2.282708158792368,66.16318635137144
1504,2.362983786591748,72.76331371512651
1505,1.9200397400914981,78.24475625787099
1506,1.9606023068476541,106.57025155228571
1507,2.023511507495419,91.39532545381307
1508,2.309826516084966,82.60564889845193
1509,2.0549961118030797,76.14950700852314
1510,1.612969058913445,82.07053237183719
1511,1.7035235381497429,80.5078051254877
1512,1.2704152999397695,84.28510602333165
1513,1.0505226192231891,70.46526728750626
1514,1.0866471438508858,63.988028242430204
1515,0.8138772140570798,106.44037952168017
1516,0.7771822491249766,155.21988238292548
1517,1.275265245734536,169.56252464888183
1518,2.318301599448129,155.70238181483913
1519,2.1653051506364047,162.6139284098373
1520,2.319231235923355,163.0173513091159
1521,2.4669311088202868,175.40896369154447
1522,2.1093908526724947,174.74772093488048
1523,1.9091542167165951,176.2524795907542
1524,2.20755666057753,175.07674890257914
1525,2.344888524715858,174.9162298662277
1526,2.3394697890913188,169.05715234601695
1527,2.229922791248644,164.62247927773385
1528,1.7591606949720107,168.0149511583859
1529,1.6506830897803684,167.8938089220395
1530,1.4737535450289507,178.46162057202756
1531,1.3822052965571394,163.06391613868234
1532,1.3938507121981294,153.11531041221983
1533,0.8919898192310965,168.1511460462586
1534,0.7109443064142155,215.94877010667534
1535,1.073682851215584,208.103396867854
1536,1.0005673364905718,240.00726539900563
1537,0.5963716996628624,273.2759818132341
1538,0.515102833667846,263.2835278964403
1539,0.41453385052786706,236.85977912094796
1540,0.4321173715242129,212.37416312109266
1541,0.4371346919524522,251.42427558931888
1542,1.0306705973285064,248.43094792660597
1543,2.234990083386596,225.41965137195177
1544,2.4195635766458063,214.9039347292727
1545,2.793979431490975,224.80708564646696
1546,2.8802371020358346,222.71712964192636
1547,3.5902318185236077,130.06488081730868
1548,3.614182129430022,135.37727140987724
1549,3.3686355479778585,133.07200495208568
1550,3.14450326308351,119.8494579739985
1551,4.964827989734291,123.09031834093861
1552,5.142050101966332,118.96903698898608
1553,5.100299235390553,120.09273251231639
1554,4.062846303464578,96.23518100135657
1555,4.882791251435386,98.99098753062299
1556,5.6389963155398,117.73011277548262
1557,5.6388910335873765,120.2700296193955
1558,5.7545379007507105,111.3690511014517
1559,6.350834777174132,118.16592216566396
1560,5.946080659506018,105.15521334744226
1561,6.49153156864005,118.39130127820897
1562,6.537419612436074,115.39759602138987
1563,5.8092122573900555,117.32422202723374
1564,4.95324295984696,120.75547227715191
1565,5.548749791070553,117.42783338239902
1566,5.100127949268068,105.64787104287585
1567,5.016262401816002,125.23263305212298
1568,4.469348735048715,122.9783102138409
1569,3.7846060503075094,122.65375798531207
1570,3.9601438092157104,133.10248212151924
1571,4.431967178817405,139.61094790524413
1572,4.609819686692565,122.32851693590922
1573,4.709312095610195,119.73194734766831
1574,4.557802457104276,114.8063679274161
1575,4.276391350609654,105.93315022278153
1576,4.746864244357794,118.15572494117666
1577,3.967874542092732,119.93886127759332
1578,3.576618020525631,125.73207246756242
1579,3.2595551608667477,122.3867268294135
1580,3.2138054976026273,119.61245325461427
1581,3.0484383734004474,126.4091544893258
1582,2.8612375765094322,115.16870048729605
1583,3.2238662496642316,116.1031247285899
1584,3.1746446922724374,117.3258288678641
1585,3.0501081714322713,117.22735091040985
1586,2.7025530988512174,113.41372457954479
1587,3.0488321469095347,108.34228726568082
1588,2.775933726490284,101.93137357310056
1589,2.5971619155848042,107.11476463309404
1590,2.7829347514649796,106.91022614109174
1591,2.8635297027648954,103.60820915377674
1592,2.7977363056971507,101.98349205275782
1593,2.7741856860339738,102.47252290965986
1594,2.834062031718184,96.65792727582858
1595,2.4165497443563306,102.28415514546549
1596,2.0726225407532635,93.13680047221932
1597,1.829911925666234,93.81661172955162
1598,1.6499056990302214,112.66036279120705
1599,1.618804765922739,115.04946111215583
1600,1.455746033692453,114.80712109270539
1601,1.4717648280312874,119.77266780277212
1602,1.8020150520247529,111.8119514879832
1603,1.9746877089143406,104.00151033717079
1604,2.57090731032478,108.95242789709596
1605,2.905099216111151,113.85768349787031
1606,3.0067148369443806,111.65835809015921
1607,3.0799592334040664,110.22909133746906
1608,3.6638547594745146,111.21226255080376
1609,3.719863857284641,114.91984510867502
1610,3.6194066098786553,116.03885234762417
1611,3.521605239221229,113.4569862564377
1612,3.322986221314768,123.15792388467223
1613,3.245466880120991,123.10230334560032
1614,3.101660656862482,123.83476706371484
1615,3.1083265734910643,118.24341048015076
1616,2.9539022309143443,108.29106218538877
1617,3.3529703126084325,112.24213755911283
1618,3.2034182167949083,94.32984779231462
1619,3.0407321241972176,107.41904400814504
1620,3.9480313901577606,119.2436725744001
1621,4.534334121037875,120.13674696889952
1622,4.607096322525857,121.50227377631313
1623,4.646075394226614,126.25993277375144
1624,4.83882082750792,126.13983317281487
1625,4.952277015342546,125.36021292748497
1626,4.693284770075751,121.1433665378206
1627,4.523044342532525,122.63341407021105
1628,4.823938165804865,124.1845068874582
1629,5.022336228801368,121.44549912878297
1630,4.9360104984163335,126.15319218815934
1631,4.837805841041677,118.32530558739631
1632,4.063630182062332,114.74674821262616
1633,3.276141657946078,129.52065066002322
1634,3.9564549532434734,126.75500333723781
1635,4.0315837055712365,136.5435880198448
1636,3.0549953729493233,126.3516474155396
1637,2.6752754253339104,151.00054985101016
1638,2.1671479483991707,129.57666251726906
1639,1.6718308789935343,106.49515904734172
1640,2.0861793207905577,114.33124191693506
1641,2.329651430048815,108.15621830095962
1642,2.7431445537252714,122.30937130320444
1643,3.0825694634564784,118.71582332090426
1644,3.632516264803376,122.2738921679279
1645,4.629898410571567,121.52078420229465
1646,5.010119532050606,129.9969622949535
1647,4.449015537051473,127.3128839115805
1648,3.7640062698859658,150.45662129998624
1649,4.622524017563203,142.29757579742528
1650,4.794539658856896,143.72762993559618
1651,4.908707071039913,132.20655823372908
1652,5.345693399978699,137.28088859551858
1653,5.438140970677164,143.01698978609363
1654,5.457610609513928,146.04432480276918
1655,5.271467538235094,141.29769797408704
1656,5.260898104397573,150.95665288131028
1657,5.547162249029486,145.66121745276274
1658,5.092272776633885,138.7564113333042
1659,4.657198431834127,141.7966902540058
1660,5.082461284089023,141.56704879555042
1661,5.452477759312808,143.4316247755976
1662,6.3062145972588315,132.8408161611536
1663,6.902438419943508,137.3415517159601
1664,6.064590384684774,134.0211598407965
1665,6.552765654770859,137.3632845852636
1666,6.703003100756339,137.0439371620404
1667,6.408014932629894,140.57782429544866
1668,6.723111923572859,140.78648893428777
1669,7.308775195745868,135.81536557442885
1670,6.115303550702453,128.1369481591732
1671,6.698286997891886,130.45427872221896
1672,6.954619162809617,139.90287279387385
1673,7.073868424551137,134.1501633893082
1674,6.784475834602987,133.08026696889507
1675,5.926808195653022,131.16439219987345
1676,6.497109781858317,134.60169996490842
1677,6.539343507153234,133.47197787549203
1678,6.233758761504977,139.96388695782085
1679,6.000175689473011,125.3867147849256
1680,6.3769493253283365,136.0187312608398
1681,6.819689780265304,125.8688203244338
1682,6.48327738740703,130.83114661051715
1683,6.53372245184183,130.8816091703282
1684,6.460939182780336,132.5477444376241
1685,6.197209768959364,134.02151096083713
1686,6.156016182814891,133.6118440619435
1687,6.0798875556601235,135.83535109869723
1688,5.963383080434775,136.02964794271776
1689,5.736800708616573,137.42161446186668
1690,5.733663795728678,141.91875316384062
1691,5.800805092894117,136.39610046416448
1692,5.749051402454236,141.18145631346422
1693,5.495431220948356,140.2066736304515
1694,5.498995204259653,146.14019970148294
1695,5.812415497146546,135.1954559652327
1696,5.338645045107234,136.88244085364389
1697,5.049739580570987,128.3064196195308
1698,5.4106145684522104,133.07239767277383
1699,6.7195940544858095,135.1830152626615
1700,6.628739307997228,136.90709000932648
1701,6.302960611871766,135.52005821810835
1702,6.007470133492677,137.80919214470794
1703,6.257425641059236,135.7833819249147
1704,6.406685010462451,134.61636941570288
1705,6.838773260283497,133.65538931235005
1706,6.832248057438238,131.4240353061986
1707,6.399087323609346,132.92793638391095
1708,6.0479702419528145,133.32602992052585
1709,6.056099189356164,127.81650766488363
1710,6.154660141179213,131.02102882528618
1711,5.884328884585693,127.94783374103017
1712,5.775292158544447,126.91005625704675
1713,5.782117915883557,128.22848245880064
1714,5.513225533808749,126.33141933202184
1715,5.251780322413676,128.99303995500284
1716,5.11141507778888,130.6545193379203
1717,5.501286597633332,124.56978003437084
1718,6.126986913942839,123.01212188673404
1719,5.853447174745717,126.08452699432829
1720,5.8837101957252065,125.14048257333778
1721,5.884593730114649,120.36730208757952
1722,5.777243614223138,128.3251586340064
1723,5.717752962030695,128.98870156943372
1724,5.4054184951985045,129.86415133070045
1725,5.480106025019526,119.6591092359951
1726,5.426299782472389,133.55268570867963
1727,4.935015987302074,139.14999470926043
1728,5.669537081258254,140.1230688562769
1729,5.768550617530427,129.45724208393395
1730,5.998617132410611,128.72282481861933
1731,5.917652223186943,134.83144217439516
1732,5.83104288922981,132.81953291488728
1733,5.966641543312678,126.11398279878063
1734,5.826945357029796,124.40230217640413
1735,5.569668593489621,122.42905272047666
1736,5.445943192420945,124.07485542471909
1737,5.573164342442817,124.86045425442069
1738,5.46419256424039,130.6698608163069
1739,5.366639784258853,126.3016759472098
1740,5.213029410299848,124.60831846780042
1741,4.963783090084809,126.77433271561804
1742,4.874437514321065,124.52023865486144
1743,4.8978415308101315,123.35353230944442
1744,4.981268328209054,126.36846255183085
1745,5.201493385050533,122.86738699419978
1746,5.28549609542869,120.76471676887186
1747,5.431535325779745,123.63525284931201
1748,5.2871206382361615,125.24381602586129
1749,5.245007857138216,120.79193488253166
1750,5.337536880292773,122.3035690477684
1751,5.203535198979789,121.62770846454852
1752,5.279961316828677,124.15282881398292
1753,5.039856375725751,119.9838655859889
1754,5.272650342145252,121.10850119937292
1755,5.358045471171137,121.95125998758033
1756,5.142706252266794,117.78669947941715
1757,4.8758616700930215,122.6619256051484
1758,4.932965525293039,114.47711776211771
1759,4.880857695606696,128.29681764388297
1760,4.7275816066473295,125.05497947040521
1761,4.491794878640734,122.45507476829096
1762,4.607910367799608,123.67277120955985
1763,5.247637541847175,133.731131937611
1764,4.371731628416222,131.56656260785923
1765,4.3060597239168255,140.0604635210415
1766,4.497372126623148,119.89807398056716
1767,4.4143632076201165,125.65663476389682
1768,4.743400798558482,132.28136045884597
1769,5.02245746178258,129.44355935962997
1770,4.664636181076641,123.93093668435894
1771,3.910954642078186,125.93051893312865
1772,4.253630087870443,126.49001599086894
1773,4.523115960733396,126.24009201740664
1774,4.495209530440309,125.85419330587224
1775,4.654010665211073,127.30824224096662
1776,4.466621783686971,132.27724802647975
1777,4.67850643729333,128.74143774653507
1778,4.271373278220715,123.98211226218869
1779,4.369719227939461,124.27555146252882
1780,4.406083739341986,124.08201502747669
1781,4.406916585629085,123.63381432421593
1782,4.14579706692488,123.31500334143651
1783,4.16283873838185,125.9463472396383
1784,4.251447414358342,125.16204323572298
1785,4.107712650784956,124.13734155481824
1786,4.312420423871772,123.27285516234488
1787,4.824740097331006,120.4268588532425
1788,5.239941844948713,114.59103629575804
1789,4.62681604930804,122.14451928091053
1790,5.60352572760184,127.45225681083049
1791,5.544340395462616,125.45811418470552
1792,5.161832758619651,128.15482117249974
1793,5.004000120046926,122.68092277185407
1794,4.8502380585616045,125.00124063290343
1795,5.365429461200364,124.74714176860745
1796,5.779972073129985,129.75122997046142
1797,5.350969413700015,130.24404351617306
1798,5.072086306762597,138.6494385089794
1799,4.428925173212588,139.48166918014635
1800,4.285218956028261,133.48245193781085
1801,4.141225750987959,124.37191432817569
1802,4.080357189026666,126.82806573832453
1803,4.583668322997649,125.77538462658241
1804,4.666034994000565,136.17385667254777
1805,4.437792981594429,142.5319798553815
1806,4.573233280470763,152.73290461491254
1807,3.7416659766116336,146.2181193996288
1808,3.7179721791973055,148.61694625962164
1809,3.500814200516245,144.3538876625455
1810,3.5441683475202903,135.02364662660338
1811,4.122838802273376,143.46040572738622
1812,3.8047983357768635,136.08542414969978
1813,4.6214501637224314,128.00994943254085
1814,4.7847430425816535,125.10220775655829
1815,5.022885022644833,137.3567431991676
1816,4.557979107129146,147.59105187750905
1817,4.4693473350259545,151.91531829270457
1818,4.02065331288652,150.0960445094018
1819,4.285051474599303,149.91999887453952
1820,3.7326024482818383,140.1504148281482
1821,3.2055251990931053,135.19005930127247
1822,3.23174410199805,133.04265937019653
1823,3.4032767139119633,146.4199955813916
1824,3.1223891004683098,151.32003075694143
1825,3.159213081054588,153.2355338475133
1826,3.2828561206739155,121.6975597857171
1827,3.4834688357023462,119.04547620692671
1828,3.605828007337786,128.4106230216683
1829,3.3168017199135704,111.55892778113017
1830,3.7830579588347826,114.76545077025814
1831,4.143635137355816,110.17497834315445
1832,4.178590379918139,123.84422213568932
1833,4.4259525900595795,125.09553455153913
1834,3.640567818575638,126.4099124574473
1835,3.241264773702963,137.35978294662635
1836,3.474249116259445,124.30883447405648
1837,4.365577554633223,133.6147658361663
1838,4.180735878139719,128.93587273882613
1839,4.5864248408000075,142.34649012479784
1840,4.458629407614086,132.32376769332123
1841,4.275413739254216,154.2823237655904
1842,4.331093133728858,139.28296238252295
1843,3.881095991639575,137.69489076254493
1844,4.108587202691749,130.89277272558215
1845,4.882904895826261,128.02780957031476
1846,5.170024457264867,136.79884133209137
1847,4.59926592204325,135.5962448662296
1848,4.817001731188333,139.64178781337878
1849,4.704357333768621,145.3792412749554
1850,4.046189704628615,154.3635166142777
1851,4.350959264688572,132.09522599602437
1852,5.094963675509973,136.30468042820237
1853,4.8291282592085345,135.06480373009674
1854,4.687180226856374,146.04715484272387
1855,4.950380370017779,144.64401312683339
1856,4.957016180878629,132.46153131901013
1857,5.088726830518497,124.74835646833274
1858,5.716402660432146,124.3871146738341
1859,5.120543486433241,121.69743531782208
1860,5.9726475919229305,135.27903568118157
1861,5.9880931680392315,131.4366271562683
1862,6.082323607790896,135.69077650604004
1863,5.955128965001134,134.6799912494605
1864,4.898631386542116,152.86396471552504
1865,5.8046558676668765,145.90028744880567
1866,5.425099925330532,152.4304870959971
1867,6.069514019310665,151.32475889287736
1868,6.111225574079263,147.3207639740224
1869,6.71541077250843,136.6864840294142
1870,7.292513339746287,142.55733255855878
1871,7.093948987021017,137.23132737314896
1872,7.088728397817265,134.3487431593603
1873,7.050021699135537,136.3073877094343
1874,6.2162550507289005,133.3057123763181
1875,6.138245136236674,138.02136728541797
1876,6.474109837346045,138.36397731653847
1877,6.516118086635117,132.68252161743334
1878,6.916075629421277,137.7460081936033
1879,7.0117045412204515,126.53683363058269
1880,7.253988839147443,136.5975208381362
1881,6.605196391782624,136.27077161329743
1882,6.628734363451371,133.24074090455287
1883,6.418777892318687,133.64102610315743
1884,6.452761618984502,135.2585865464041
1885,6.454770128711778,136.34202512742772
1886,6.134875326919175,136.81708508001051
1887,6.545530666243509,133.786917164002
1888,6.487258154467053,135.52961513045003
1889,6.602503098441089,131.60424214171277
1890,6.658493445611429,132.6569424062621
1891,6.440380478451392,129.43628906259062
1892,6.2695071684131545,132.329405276079
1893,5.9246826773641,131.73678622422716
1894,6.415787022536019,127.5455861890589
1895,6.061070746338247,126.56026982003642
1896,5.36817262439056,130.24730933733488
1897,5.78293425156801,135.1080915196949
1898,5.43562923410623,131.5012365961735
1899,5.453373868547841,130.42438603592086
1900,5.776308356708045,131.76563160611516
1901,5.503014538176785,128.5898830593228
1902,5.646748837464114,131.77558109718694
1903,5.342513217190548,132.5485122135636
1904,5.544623492593781,132.58604770564304
1905,5.567267683787617,133.72829942549123
1906,5.624818863145519,136.3517805271209
1907,5.621720222801162,132.2139121383654
1908,5.389172644550819,133.1207016556525
1909,5.770816444741073,131.94296217888783
1910,5.762032218385765,133.55880918999142
1911,5.609846169373469,133.74215288951956
1912,5.746475769643862,131.70637766362046
1913,6.1309028808927515,131.07592455424412
1914,5.574793249372648,135.76740618682814
1915,5.964925722189268,135.95022296756892
1916,6.070228577546462,136.72035721701286
1917,6.205308933369509,135.34786755977316
1918,6.207289827498343,135.59488173298018
1919,5.996798342664052,133.19153839712868
1920,6.2238022890416165,138.95655759782272
1921,6.286371230699698,143.22857580637012
1922,6.240884503255565,137.05061748924854
1923,5.974944615210458,137.0695469130289
1924,5.978806445418467,135.72604478639744
1925,6.323129156930745,136.34803826517677
1926,6.5715404107835065,134.84335577752225
1927,6.630688014432997,130.8376960875445
1928,6.3238625256581145,134.37710891235338
1929,6.415607648348662,136.9434225170081
1930,6.01439643564786,131.9018082669062
1931,5.9738512709802425,131.814105310543
1932,5.809255604938159,134.24761812916765
1933,5.789540678981964,133.64179686070338
1934,5.715174217097575,134.0842109085645
1935,5.593444655175961,133.75134174550064
1936,5.584619732464868,132.35633276839428
1937,5.229942865700776,138.19221877898394
1938,5.117364482835787,139.10793512765412
1939,5.048931855462019,137.1253148161981
1940,5.010462920327235,136.00563722832365
1941,5.497906013381017,140.15971850202095
1942,5.1829402155391975,135.80855611323764
1943,4.718285142552876,135.2861729985163
1944,4.735370026089232,133.27560134450854
1945,4.5924157690401035,128.10757687751487
1946,4.43291661467634,129.48515302234682
1947,4.180690644029894,130.6847755662799
1948,3.8078653530577244,129.84279522143544
1949,3.55263220533657,125.53028049300146
1950,3.845396148395398,127.64540398519627
1951,3.8144354931843574,124.1719419640892
1952,3.8252666320963673,124.57177976491053
1953,4.685121758509335,126.86989764584402
1954,4.275639121902799,120.62660549565264
1955,4.628881052465001,122.97368919523295
1956,4.8790857532403855,120.62762088023518
1957,5.026806091190107,118.93470696826459
1958,4.992864586899186,118.19308637019665
1959,5.249353633641467,115.7377151315083
1960,4.902812423023314,123.89181239472667
1961,4.642379696083677,124.91865308717914
1962,4.4244013425984425,126.01499355061105
1963,4.271992302187016,124.40018252481619
1964,4.280940966466534,122.73025605977779
1965,4.105675666558886,122.20275450837514
1966,3.898752156919918,125.28144033440951
1967,3.6853357449264186,119.27755571589208
1968,3.487138368423303,117.16380957040916
1969,3.4225862297518077,123.12808441432524
1970,3.3410884567580466,119.55368363230745
1971,3.424844231534909,121.3929411620137
1972,3.4285441609371117,124.62779833266465
1973,3.4621013651944943,125.64649086389602
1974,3.4267201185314877,123.1269093501569
1975,3.4914880621781466,127.91063752298217
1976,3.45852883904368,125.96679423712004
1977,3.677142676149786,128.90866167037245
1978,3.603660525643,135.91188176172932
1979,3.732211943371757,134.95558467594088
1980,3.897356190416635,137.91873942073644
1981,4.105692004218372,133.49813849146358
1982,4.276721589186473,127.95550842047801
1983,4.1002749398993155,139.3623732232051
1984,4.108347977911663,140.95825497666863
1985,3.9663827360310617,141.76202693705088
1986,3.7698723688542,141.26580422612741
1987,3.829905689482383,142.72311716386298
1988,3.7617234230205288,146.31427207709552
1989,3.662924763413274,146.39054869778823
1990,4.079095141610476,148.76078511179125
1991,4.075358862043986,141.16191237316121
1992,4.250419472259143,146.10694003081892
1993,3.965096017740775,152.3092225212406
1994,3.6942393975262684,155.71842594494964
1995,3.741611479051788,155.77225468204585
1996,3.6954689101587337,168.44516542091407
1997,3.18351712501022,187.47310021423354
1998,2.8424634680928764,161.89079751925334
1999,2.799059589282469,166.05190381562642
2000,2.852708362756969,151.2534004981823
2001,2.7682715262049844,160.5440702824092
2002,2.7545563750313864,163.0327971802666
2003,2.217160736220462,140.03973034266585
2004,1.5079983547590856,138.8238506027526
2005,1.7757741876632624,128.421973808741
2006,2.773353505736943,135.33150515042198
2007,2.8969081215879644,160.95469202464957
2008,3.0676460372431067,131.81693182427367
2009,3.0509840030091073,126.86618750018366
2010,2.8136047415381182,123.25109711590643
2011,2.529539565182823,139.95617060389978
2012,2.6671164308464603,133.763817476613
2013,2.604411690246519,145.771598709626
2014,3.226881735748592,138.4320378840743
2015,3.4472979470734813,140.20934690838678
2016,3.574978494289534,146.03290209082292
2017,3.297921627879519,147.67702011242895
2018,3.149792247940266,136.36627419423064
2019,2.6453557482512498,137.03956485382415
2020,2.587374510426247,119.03122188542535
2021,2.5213525860474775,113.1985905136482
2022,2.9873399735917996,116.57395080103765
2023,2.560978852945936,111.37858130610533
2024,2.9520530171551376,98.89925205476075
2025,3.8631956562092764,109.1674087508228
2026,4.68118252556393,127.90756015960861
2027,4.458736813760528,127.09745912106384
2028,3.977260633038804,118.8750024342328
2029,4.1538939073261565,114.72078750068665
2030,4.184948797111252,115.4831287346081
2031,3.6076127090423347,121.96923337001964
2032,5.024192587949124,117.72527773666734
2033,4.951072187486142,122.60033357369024
2034,4.628627456159333,125.88546462385446
2035,4.49344394351941,132.32390514628977
2036,4.433671186496588,144.87011446459138
2037,4.527127560304627,155.3632965631923
2038,4.178435393503034,152.58587672256442
2039,4.373226816235136,156.7012421417005
2040,3.9063420280489587,163.2476115073643
2041,3.0342130349906307,142.27531307757278
2042,2.220396555666744,147.01463162951708
2043,1.9380001291080946,113.04402325965255
2044,2.1273769532816122,129.90712199472148
2045,2.5925494028150515,122.83306904419439
2046,2.476474229266735,128.78436410029735
2047,2.465416323284972,120.39897524634985
2048,2.417576431487541,122.26506044483322
2049,2.888662148394582,114.7899629147729
2050,3.178021171937917,123.18070127912313
2051,3.3117644854305,122.44024390737307
2052,2.9753403048552687,111.3904464258814
2053,2.914169457981137,108.26561410100906
2054,2.9348722947619224,107.7357692355212
2055,3.7514580777037168,110.48005196719467
2056,4.939731404976164,131.28052223917666
2057,4.742506274396764,124.11161879600246
2058,5.29561383703993,122.20996714259664
2059,5.421509944823194,121.84556115561819
2060,5.366545027572087,122.94689263529372
2061,5.9134205197698515,121.27434223062866
2062,5.084333280442759,119.35653093288154
2063,4.837314342999736,123.1390752521599
2064,5.5243773456579595,125.58423988728417
2065,5.64683142756277,112.80683702341265
2066,6.097817086851446,122.42166206225791
2067,5.970393920748749,130.2233090409036
2068,5.130325184945644,140.43421743750523
2069,6.441284122137949,146.8815103625801
2070,6.763098546036976,152.6096801469912
2071,6.8467862136101765,152.01821298520477
2072,6.815867663296906,154.35432210531337
2073,6.842185410287021,150.22867856671905
2074,6.514051437941324,153.58896936459436
2075,6.354387180380819,149.62826773442342
2076,5.765852163106988,152.22261644256565
2077,5.721522846646347,138.42496410113768
2078,5.929858103638669,162.46867227248603
2079,5.299932565684958,153.5329359125044
2080,5.297289764969827,150.4190546777661
2081,4.980555197466611,150.4590642379564
2082,5.692768177042006,147.0060071423371
2083,5.217252570298117,151.29359097108315
2084,5.317381949052793,159.5182598769157
2085,5.830974535504193,155.80127025101643
2086,5.739927583892004,154.55205714403485
2087,5.6847482090004124,150.85209797591523
2088,5.510686075219896,151.2348061093734
2089,5.055650577513453,158.8380449472897
2090,5.214737168758408,162.6229990214861
2091,5.1754717076312495,153.35019877944447
2092,5.456929027337971,158.30384186122942
2093,5.223836387674343,160.30302162387224
2094,5.206680736141038,164.3157381659029
2095,5.396479029560071,172.82060614811454
2096,5.0842750003940225,172.49380545694234
2097,5.737210614881979,164.37489380347523
2098,5.9412340664031476,161.31543419908346
2099,5.7575659248955935,172.31347491263793
2100,5.271904221142361,170.49268156878634
2101,5.45899811219294,154.33388842565083
2102,4.91523909938437,159.95408394150422
2103,5.016649338463711,162.30210301816498
2104,5.32391994787136,168.01816965150866
2105,5.114336527847123,165.7603560484739
2106,5.002850667224733,163.34744601385583
2107,5.3827074210468435,164.57960816178928
2108,5.4743825917478945,171.6115634592863
2109,5.909193708253619,150.00169074789798
2110,6.127111021946683,147.5059128022487
2111,5.02777724770533,164.12942570746876
2112,4.761003744853177,161.89919087153967
2113,4.402751496221835,155.77165170821334
2114,4.527134217166778,156.90365687532034
2115,4.708508278608517,148.5495191852501
2116,4.302281200521074,143.5803930759842
2117,4.782711427329506,137.96204436974415
2118,4.836202896430978,142.7500364229193
2119,5.0114670234953,147.17673332014672
2120,4.73170621025062,148.0050434480673
2121,4.536284999659974,145.78639306833958
2122,4.539860418324433,146.88578669441648
2123,4.8393139771705265,144.14763264399832
2124,4.880775242763082,135.4552519211709
2125,5.670625815978671,146.47470132438784
2126,5.6851999697997275,140.2686107954667
2127,5.7987037668139125,141.9549996980215
2128,5.763679304139538,134.4543424065843
2129,5.652293790991863,137.8223052488555
2130,5.607680645080696,139.34012073378327
2131,5.326564727106431,141.85177955309507
2132,5.137420399019598,136.87041042111954
2133,5.3419322839896575,147.84770485871766
2134,5.369923331943938,145.12050116366123
2135,5.312731511537074,145.3980351331926
2136,5.1364313024172965,145.9482726735638
2137,5.173754379260972,144.15549845738138
2138,5.066567096471527,146.25461826258766
2139,5.225158635293479,138.237125037707
2140,4.991771425099814,142.2371857337027
2141,4.716253953381059,142.92365853948243
2142,4.435391032486202,141.17115439288298
2143,4.454034468243866,143.62716591580474
2144,4.2897348182876085,142.18819987364313
2145,4.140393542827223,142.12624939126528
2146,3.984956672076937,139.10410763956435
2147,3.8329736474287603,141.5643206078984
2148,3.7838149035932793,138.87406120087252
2149,3.731836874723822,138.5661368562368
2150,3.4181596862898536,139.71265168978846
2151,3.3723508139209404,141.50755715467253
2152,3.3495617660026387,141.89242312248513
2153,3.5305241786516044,138.48245504557315
2154,3.307628391604209,142.61603159828485
2155,3.2703947202113124,143.21771051143523
2156,3.282539530875014,136.25648907157523
2157,3.237547784469295,131.8856173225577
2158,3.0082035869198247,131.89664067825663
2159,3.0475023128203356,127.4990515440184
2160,3.115412753531168,130.388956793042
2161,3.258473166936399,125.08610639766233
2162,3.0464079895244653,118.93864697931464
2163,2.968677025938676,130.23183811051288
2164,3.228681648168006,119.8043337446859
2165,3.596937314546293,126.51580338622082
2166,3.7421545452320015,122.71890372204216
2167,3.8615547326399042,127.8200279783821
2168,3.8522144993635377,122.45331110877689
2169,3.8228052257207974,122.34003472214924
2170,3.9820869515292685,132.41312602342498
2171,3.7979639457380583,127.6651897804495
2172,3.365275824670502,127.65337503867886
2173,3.5831651885568943,131.23412382370893
2174,3.435633501490964,134.10578312993823
2175,3.010808210605645,138.16108176831895
2176,2.881057251323941,139.12006668144093
2177,3.033389933016877,142.90119841022795
2178,2.953720606307362,150.612947330264
2179,2.852786066885183,153.17193748076104
2180,3.221872289270329,152.24366158640817
2181,3.568212826976269,147.01971611828213
2182,3.424285171007379,148.5930032015392
2183,3.3668475003721015,146.65041038148172
2184,3.816798348719857,142.0016284371461
2185,3.797216332541751,142.24781829712785
2186,3.763046848061345,138.73115980553945
2187,4.031436943173587,142.29730112295394
2188,4.056999370341789,142.8994052790125
2189,3.984883420512699,139.01822942695244
2190,4.007107157638625,148.11447249533884
2191,4.284564062253172,150.180493272663
2192,4.65549347714916,150.10288849464345
2193,4.656827810972879,131.1281647551927
2194,3.802055750679361,125.45745517111898
2195,3.2096507406163712,123.56714705140269
2196,3.7456299702197007,136.68717788412448
2197,4.993942889049019,131.2980021556737
2198,5.468475191610971,137.09987871200187
2199,4.554990903370816,138.4241877428662
2200,4.675399593605235,142.5542252205801
2201,4.7772678725098485,143.85193497280184
2202,4.66405674987396,137.01607591766847
2203,4.705034203135487,138.31726537350207
2204,4.4898887844732185,139.07472223405279
2205,4.30336655454903,137.6197966070073
2206,4.1530831318167,139.26382147767418
2207,4.139407340197373,145.40700589056607
2208,4.36918695537008,139.22846056080917
2209,4.6919621207203726,134.41581430503538
2210,4.312448663815078,130.3742360315785
2211,4.216842227262533,136.1435501048368
2212,4.471474537593006,142.20217023605298
2213,4.483689689085995,141.86999230821428
2214,4.4234415453903475,141.96825674137855
2215,4.372579493401478,143.2673253185433
2216,4.258970883911872,143.12173637842747
2217,4.068354897288522,144.42413720226816
2218,3.950387584026415,144.21958965232264
2219,3.8855412099400457,143.62735314406524
2220,4.032970896719803,141.98305605962776
