index,windspeed
0,4.89150554408182
1,5.213277622206346
2,4.998532406911238
3,5.002262690758846
4,4.598931677886948
5,4.657278794399293
6,4.750385118981671
7,4.8759679161093334
8,5.0981805123565405
9,5.3201761439269175
10,5.508909515031764
11,5.4150868957380975
12,5.197686515812855
13,5.280308249526457
14,5.035083094571642
15,4.94414248737687
16,4.7973038944576
17,4.699302929547603
18,4.512381549228384
19,4.349355297826717
20,4.292903169077704
21,4.287021337413752
22,4.236248267896013
23,4.343963761452642
24,4.385400106728863
25,4.437396253848666
26,4.148689636953837
27,3.89130963236137
28,3.92771312260561
29,3.7272562455431117
30,3.645779880360421
31,3.664681550246522
32,3.797741743749771
33,3.599636086410778
34,3.4246826427166144
35,3.403706877262754
36,3.8959414310492124
37,3.9811651435980884
38,3.3280379851374513
39,2.8535882095098337
40,3.0749620523974377
41,2.645507977816179
42,2.2957465665698935
43,2.3949051654532982
44,2.4248385194036093
45,2.2372289426620147
46,2.515938980812072
47,2.329745648782221
48,2.8082335089229957
49,3.0068708994163678
50,3.1359369195271554
51,2.6725532145516664
52,3.045111937328948
53,3.25029813527491
54,3.6046970759277963
55,4.281855876117343
56,4.251384184274771
57,3.8264589215257425
58,3.5276884473309895
59,3.743698324483136
60,4.061052144420572
61,4.950138672161186
62,5.193352746998589
63,4.759365091742087
64,5.384506812457646
65,5.394438831643435
66,5.1001208788526275
67,4.866287292915206
68,4.703890665316236
69,4.664929235797183
70,4.635264610110403
71,4.559951028989073
72,4.4439325176802
73,4.3824986450166925
74,4.187261473745286
75,4.387833747502455
76,4.468615754799406
77,4.511191025318573
78,4.041469724332865
79,3.383781848168421
80,3.8861401619305616
81,3.541760198501219
82,3.5001910531604166
83,3.3685184632764233
84,2.9744869916873373
85,3.9679559585021074
86,3.9109759987812946
87,4.225533690570509
88,4.439357199187407
89,4.994850750683577
90,5.013045602642975
91,5.051578980269483
92,5.034661297334437
93,4.916077554020253
94,4.899713557737855
95,4.907596748930702
96,5.0457088417349185
97,4.84442941005026
98,5.063174329743281
99,4.812255813027516
100,4.718770238704911
101,4.491298681063059
102,4.609144429129308
103,4.659547899573273
104,4.338425477551385
105,4.641578321189952
106,4.654011728415127
107,4.433013810568976
108,5.0963670408790795
109,5.251959016464201
110,5.0482290644793615
111,5.289687034072726
112,5.377881579691162
113,4.524799492461742
114,3.85243260832417
115,4.263967368368093
116,4.822875595733553
117,5.047715541172992
118,5.3759419972361995
119,5.0519719958984375
120,4.956544429998051
121,4.953095649222755
122,5.073969268446759
123,4.978502561339298
124,5.05519319704651
125,5.045211968213229
126,5.059951489214836
127,4.967555745155112
128,5.118039401872603
129,5.064057399303861
130,4.968557910793821
131,4.721265457742999
132,4.76286948441741
133,4.95001033464997
134,5.218547269730211
135,5.096212461986956
136,5.143128210965454
137,5.1237033054716115
138,4.789436739468687
139,4.804896558140772
140,4.642602156213293
141,4.709854450147983
142,4.471006437671511
143,4.686244644269502
144,4.556845779419977
145,4.246888918737255
146,4.02056736227777
147,3.9764120769500035
148,3.9617116564863815
149,4.175364666872181
150,4.950984954680401
151,4.695350969206611
152,4.646479958488346
153,4.242186279066025
154,3.9000784681861926
155,3.922486889751814
156,3.796315698700645
157,4.070064322862377
158,3.707101033035823
159,3.1590294656175932
160,2.573362259906077
161,2.838606488695244
162,3.206282197676278
163,3.2848426110347524
164,3.633849051032838
165,2.922181992747487
166,3.439672261879588
167,4.035440339858944
168,3.864891328306602
169,3.591434346874527
170,4.147061087766573
171,4.055189085253761
172,3.829410432014766
173,3.5027854811845156
174,3.6494601023710453
175,3.700347470293833
176,3.7585385834243414
177,4.096151401725745
178,4.484931975887511
179,4.1331324607321385
180,3.929962479873834
181,3.9997691671173436
182,3.8354563310403487
183,3.986983215928718
184,3.8490413371002226
185,4.037503728214828
186,3.8154316202901746
187,4.513907067854997
188,3.351188984818547
189,3.9160378948974994
190,4.006858818073043
191,3.465354850457105
192,3.503506025102855
193,3.716317387191086
194,3.658185756537295
195,3.529638976670862
196,3.3154872237576387
197,3.835927635131929
198,3.8659697400197084
199,3.9410658342563796
200,4.046259353036073
201,3.426051627551788
202,3.302297070487887
203,3.1745490947721193
204,3.54301525478716
205,3.6817105492523954
206,3.663757341316692
207,3.723763238805422
208,4.0346295401727525
209,4.600580568317935
210,4.723100019710941
211,4.618420322107769
212,4.150786655102312
213,3.830110401808712
214,3.8161653166887968
215,3.719685294452409
216,3.7068195903279846
217,3.5622631339125235
218,3.2518525843780544
219,3.1982219697543854
220,3.282901333742765
221,3.4544023502150325
222,3.1453397011655886
223,3.268522903492859
224,3.319976838024326
225,2.9456219885275186
226,3.1718497633164002
227,2.9995894594125376
228,3.073184278123067
229,3.0296164324267987
230,2.8950324453224465
231,2.300133258036292
232,2.1444641838464578
233,2.3504251427699816
234,2.544926203964086
235,2.601785991113869
236,2.7367213517945856
237,2.5803586908958303
238,3.291655238472877
239,3.1860152980086607
240,3.186314782654871
241,3.171435994959205
242,2.870093023961237
243,3.830352979779767
244,3.491562651276427
245,3.4038890825749797
246,3.4839782854404766
247,3.626919008774612
248,3.7580347286856
249,3.8644994373628054
250,3.879106279443459
251,3.692507109158304
252,3.4294252606353806
253,3.4775950983655015
254,3.5480757526506235
255,3.365846709103485
256,3.1759662808814038
257,3.150778027064494
258,2.9295358143125694
259,2.749976642531001
260,2.8375399916064947
261,2.8687430539240384
262,2.8430584144849984
263,2.6884295040554376
264,2.6078327222791247
265,2.5874797072324234
266,2.9342194274640487
267,2.640575953778506
268,2.9137188433535735
269,2.4063531344052347
270,2.3571564286440654
271,2.7196706567962563
272,2.740737508256662
273,2.6932767582834143
274,2.5277356277345646
275,2.5880640182674557
276,2.872055275946508
277,2.5245111907062974
278,2.3988359809067603
279,2.485769022602952
280,3.155422200766823
281,2.704720707382035
282,2.6313397586907477
283,2.8181438578249898
284,2.5603452281693495
285,2.3443613811571993
286,2.019993620078119
287,2.224464626000808
288,2.1532109420526795
289,2.2618353704234524
290,2.210212311756303
291,2.399270185982808
292,2.677451986504371
293,2.7164503516400234
294,2.5541380305041583
295,2.5720069205809697
296,2.6071116509570285
297,2.40698974791893
298,2.1592837993008813
299,2.1775518258396174
300,2.4480456667573027
301,2.407311643271488
302,2.0343441255845316
303,1.7625934743669955
304,1.9345362064663918
305,2.205754707371478
306,2.165607605857703
307,2.5008075851024674
308,2.3567070765129605
309,2.4747924266135928
310,2.313750956236982
311,2.355791325943597
312,2.710406960059395
313,2.5511628734881535
314,2.501601961253319
315,2.233748561167084
316,2.0083298789459194
317,2.2405681429243653
318,2.275534053634702
319,2.4913836270014365
320,2.7864185777283943
321,2.815766438027193
322,2.6590043013348588
323,2.5617234357775764
324,2.6612853757711177
325,2.7538400252668196
326,2.414548865575289
327,2.2753691515410273
328,2.1931994706230853
329,2.1854593112403706
330,1.9245324991372381
331,1.8060253236112187
332,1.6542130696208668
333,1.6176131338903654
334,1.7096526854146321
335,1.8638225079627868
336,1.8880201205686002
337,1.9406134440579308
338,1.7291489585810462
339,1.7624152724026463
340,1.8306735563896137
341,2.346490456444091
342,2.0074758245083
343,1.9788355353874831
344,2.6672653324604614
345,2.4864627036526383
346,2.2536983162883315
347,2.3911811477801925
348,2.328492209633323
349,2.1769857287992154
350,2.0865941658402893
351,2.0234921182559056
352,2.0591407295142763
353,2.0947226831904326
354,1.893678183056475
355,1.9890214616812092
356,1.9207081431410569
357,1.877589387741402
358,1.7345203600605794
359,2.336267985267126
360,2.0553525623784084
361,2.1724110406792696
362,2.3573639735417675
363,2.574923676585674
364,2.5488161796168773
365,3.364342886385824
366,3.8552663209100544
367,4.0118453969358505
368,3.825914122393449
369,4.016954279872375
370,4.017061491866282
371,3.391214356563842
372,4.034752068904329
373,5.598851436492118
374,4.592290077231694
375,3.947247518045577
376,4.049358226785267
377,4.633382087930122
378,4.145730580476965
379,4.346980016991435
380,3.149172894212831
381,3.993154692975255
382,4.962176675885162
383,6.651866936702561
384,6.487953875813513
385,6.166687365134143
386,6.045585125851468
387,6.812569252850036
388,6.229832349741681
389,5.830996773151488
390,6.135741889699154
391,6.201844508629306
392,5.472936114423997
393,5.46497635418612
394,4.605903752266379
395,5.361799291497223
396,5.74228712067762
397,4.780318505463697
398,4.733863760849285
399,4.26178791362685
400,4.205027859723795
401,4.91403409251885
402,5.058288419865342
403,4.71525623183038
404,4.598043301810333
405,4.279322813639879
406,4.315502497442422
407,3.966151435239555
408,3.950968836573542
409,4.238127971636424
410,5.262335194541424
411,5.235754310552853
412,5.049829074091843
413,4.969561491572668
414,6.008564033862204
415,6.4092766808222175
416,6.464321473885407
417,4.334130976191168
418,4.436211512455012
419,4.550188528758536
420,3.6734759881632084
421,3.871568263756438
422,4.00869361907662
423,4.310665871620128
424,4.7263450097591635
425,5.243420862110778
426,5.229792732731162
427,4.862419997114803
428,5.228700090691978
429,4.861190362710405
430,4.575903856924581
431,4.45888426391272
432,4.602982806688349
433,4.849494051432867
434,4.451766738024442
435,3.792255781553225
436,3.6319810778029784
437,3.473173951229065
438,3.0634983953530157
439,3.041047916215854
440,3.679313216203464
441,3.4207102436444026
442,3.508435290021581
443,3.7676882514606422
444,3.605501282706088
445,4.133631576916686
446,4.892594347994751
447,4.50949209404985
448,4.354729633493726
449,3.700225340676889
450,3.0403993833976073
451,3.2621975499640072
452,3.89928043667775
453,4.187530345363957
454,3.7502936345710327
455,3.487070220741871
456,3.5119017237146473
457,3.356688201674239
458,3.0312218527612114
459,3.000472306799953
460,2.9905652867419334
461,2.7203288914256216
462,3.063026525351675
463,3.6365450635080094
464,3.3161496455608575
465,3.394183203527833
466,3.902702959648121
467,3.4589745879550793
468,2.6877920927540333
469,2.79587241993536
470,2.8680558708007133
471,2.5281592475759402
472,2.65408960557228
473,3.1007059718212804
474,2.661917263616255
475,3.0204798157378727
476,3.1883858421840188
477,2.5375994199399
478,3.72333054392164
479,4.7262800401718765
480,5.040059261483787
481,4.742154875750272
482,4.822282424716786
483,5.363950831097357
484,6.287324427748671
485,5.964371868262602
486,5.625107674570694
487,5.200003747577688
488,5.604528897669613
489,5.784974998168578
490,5.511078177104678
491,5.048545043508282
492,6.004642721273729
493,5.525715725884841
494,5.62691365851973
495,4.689234204335572
496,4.784095435274891
497,4.361591973664408
498,4.131023083071827
499,4.861798491458894
500,5.400293408969168
501,5.538628020328982
502,5.687175576103353
503,5.908713359894027
504,5.880740638435152
505,5.5189728554058455
506,5.677528312158916
507,5.591090346241199
508,5.582002480703264
509,5.514087693084435
510,5.091766180103725
511,5.21334817638759
512,5.247345770411823
513,5.123469996603283
514,5.046670768472114
515,4.568772007189172
516,4.754613444535492
517,4.327729390675685
518,4.300436018007978
519,4.2291877141138094
520,3.678277165045051
521,4.650147309114178
522,4.8803786059054595
523,4.169089874265378
524,4.134265074394623
525,4.419610738847691
526,4.456050008944432
527,4.6251302620099395
528,5.1664908049444245
529,4.447543351354789
530,4.786422308582444
531,4.893032156420522
532,4.673192268096187
533,4.86090410670638
534,4.547026360810143
535,4.526435370225581
536,4.813385078929869
537,4.626238314990037
538,4.998181827367144
539,5.126663447224325
540,4.95715846398501
541,4.874324064763518
542,5.071322433822292
543,4.5451989230069625
544,4.476569136585528
545,4.295969549823515
546,4.202424374207524
547,3.858949387851026
548,3.405490676738123
549,3.0643889752318
550,3.209899088033909
551,3.092087392815989
552,3.459233234566827
553,3.497227250081709
554,2.9269857024016903
555,2.860375152273021
556,2.516826989720005
557,2.60684194211473
558,2.949587064045702
559,3.503927054545601
560,3.350268848948294
561,3.6597236098385904
562,3.642838183476601
563,3.8684470750744344
564,3.330487913066572
565,2.7781662074009006
566,1.956930136892742
567,2.567176790007288
568,2.8138356441315824
569,3.4975314688226056
570,3.2983021632477096
571,3.7762390895839753
572,4.076331310340726
573,4.0948504081012125
574,3.9205991570947853
575,4.243030858474481
576,4.165019360450483
577,4.11776571085756
578,4.062308278454663
579,4.116308399306013
580,4.158026438665686
581,4.123632296700629
582,3.919227514100613
583,4.554723871146499
584,4.226243003931383
585,4.149006052743888
586,4.162092426565167
587,4.182874705961818
588,4.731412690780591
589,4.77911976542379
590,4.501460901227649
591,4.613370378361776
592,4.6952299235165125
593,4.467259847424431
594,3.7323912794362624
595,3.0079351331965487
596,3.2776463901628823
597,3.728169102604328
598,4.401526245134575
599,4.620683505039064
600,4.306948713026524
601,3.8806834143688835
602,3.812631034073453
603,3.7665763518615316
604,4.321921009648751
605,4.30864855311905
606,4.747174270334728
607,4.802860544393755
608,4.313044238742759
609,4.459379905461407
610,4.079759682671134
611,4.2089442768305405
612,4.154312180973915
613,3.9640319008052134
614,3.859784016905069
615,3.522253842126006
616,3.9840421590661745
617,3.6834336126994467
618,3.8107562095056426
619,3.7946219033470467
620,3.5547806016140795
621,3.20301212781127
622,2.903729570028676
623,2.8327218017574376
624,3.1273597283702874
625,3.6848571123878378
626,4.107551919207007
627,4.97002322130433
628,4.87910416047478
629,4.281363445648132
630,4.786470012459227
631,5.2882460460514515
632,5.096281970631491
633,5.22002938693963
634,5.669173032376564
635,5.474495059915406
636,5.244732316040721
637,5.6418124052970064
638,5.184448020648282
639,4.880568669624416
640,4.6544204893828045
641,5.6675743709899855
642,5.039800113232801
643,4.132964145278629
644,4.596344700264261
645,4.756877784208527
646,5.435546547505954
647,5.3984571816032965
648,5.928700373923772
649,6.179655751210301
650,5.35570466078868
651,4.917245201712504
652,4.961419563000254
653,4.704964654051569
654,4.6135806864994215
655,4.621209541819106
656,4.973175227376485
657,4.7837495848001
658,4.494558214535035
659,4.10429624797987
660,4.150001773554553
661,4.021496921232536
662,3.762044722504678
663,3.399053075930311
664,3.117345534403896
665,3.133958787138843
666,3.090996603952414
667,3.049564469195356
668,2.863365451913691
669,3.4304775303510655
670,4.458190879669018
671,4.168495229737035
672,3.8114340344095456
673,3.759120270644784
674,4.440615768807412
675,5.0144427199570485
676,3.877112172985347
677,4.194316108442849
678,4.184388251060055
679,3.668537808249351
680,3.458309300878805
681,3.755118849187104
682,3.886185677270703
683,3.4299201531034864
684,3.152660150469738
685,4.00650952694804
686,3.866158957448916
687,4.005914970313886
688,3.98457243122649
689,3.8657016293958457
690,3.6636738894594125
691,4.203725654032781
692,3.706057058460508
693,3.4050785063631714
694,3.949703787038071
695,4.154546307231049
696,4.080765941343733
697,4.155262895675296
698,4.091653289111242
699,4.560425672606976
700,4.1456884517769135
701,4.020613759404188
702,3.975812561861913
703,3.8058093943557854
704,3.9821612569746665
705,3.800276015714127
706,3.8234211444290036
707,4.0802410126711655
708,4.133374203680652
709,4.096800294019238
710,4.093946285899076
711,4.296155513339539
712,4.443484617244075
713,4.3527626745091474
714,4.163015165426255
715,4.6604871236374805
716,4.491754720443765
717,4.580180815140569
718,4.555783596287049
719,4.51689869238877
720,4.4978669352328176
721,4.381121371812365
722,4.147686818268698
723,4.45311086274692
724,4.621528934840821
725,4.803035554003042
726,4.846359268938462
727,4.929576757982777
728,5.160291354420213
729,5.490980729901659
730,5.682050549168695
731,5.766045538638467
732,5.692822589338841
733,5.542877984968678
734,5.205656621606006
735,5.644200676146138
736,5.222019476849393
737,5.132747368930629
738,5.552676966876575
739,5.523450293279854
740,5.523216061088019
741,5.281390459805646
742,4.917016913362527
743,4.807832317492074
744,4.60222479068164
745,4.791779711596195
746,4.8802209272100034
747,4.9889987933945665
748,4.949677330675963
749,4.568074563141891
750,4.307388744307872
751,4.633492985164978
752,4.3449689112410335
753,4.415279809287557
754,4.091316718624748
755,3.8047758575458173
756,4.423736473427914
757,4.038405971831723
758,4.531005459067214
759,4.648141530934202
760,4.708659696243343
761,4.090718750447952
762,3.8107604927335865
763,3.67065922996237
764,4.120634333367022
765,4.215939975331298
766,5.104988865568093
767,4.982179766051117
768,5.00330888307921
769,4.69828820658638
770,4.468397569407567
771,4.609435380232647
772,4.07994241208892
773,4.102746305555519
774,3.686964394860013
775,4.028758793224242
776,3.849277182768758
777,3.774213283713595
778,3.308048508081813
779,3.0851586919141685
780,3.330932914763604
781,3.0992367585644
782,3.0180854750042867
783,3.353788546611163
784,3.46391443112211
785,3.6348389563828882
786,3.8100942367240864
787,3.6024906409333477
788,3.3396453438783
789,3.4243174654239246
790,3.1650845735925475
791,2.904244166603455
792,2.847749760206847
793,2.7058270002578775
794,2.638500247918391
795,2.7582261204862912
796,2.787578456145209
797,3.00029377373988
798,2.890652463362924
799,2.897990407634025
800,3.340847229576301
801,3.138046897366018
802,3.06299812394181
803,2.8176837113241144
804,3.1323061405279344
805,3.1518331971640374
806,3.2299772740313504
807,2.7570358694455757
808,3.7447235146813975
809,3.456830161123105
810,3.642545829614567
811,3.826120446461225
812,3.7943054878168923
813,3.6396307625774633
814,3.5902983753849163
815,3.6156527957863807
816,3.506187582666893
817,3.8747538017777043
818,3.986841444316941
819,4.147532348042284
820,4.19667923858053
821,4.063168817763736
822,4.078043782713061
823,4.082561050420065
824,4.402127975070898
825,4.422265981261184
826,3.5861386551514616
827,3.9668658718151812
828,4.181462297426375
829,4.16476089822635
830,4.117751782183167
831,4.048668679639961
832,4.255682973684039
833,4.203914281483356
834,4.1956560946068935
835,3.7180459267067323
836,3.447834706582891
837,3.3431682917058563
838,3.531286876284569
839,3.0953366503363866
840,3.5107485859023284
841,3.328088165936348
842,3.457853651904925
843,3.936013513857754
844,4.131016221388461
845,4.227868682184148
846,4.1307619716544055
847,4.383755836320522
848,5.059347369042565
849,4.806465810244905
850,5.074343707672533
851,4.514944024962987
852,4.196144890704342
853,4.274702317854005
854,4.532335367704061
855,4.054478476944551
856,3.418623790850346
857,3.791479895843414
858,4.656407049095937
859,5.384462306284335
860,5.639098452676742
861,5.8844386312734365
862,5.929265193832197
863,5.805128062360574
864,5.492383124558727
865,5.299160940673657
866,5.67028417173302
867,5.433779555854252
868,4.770712103318577
869,4.546942049605464
870,4.768058776769993
871,5.30685185323615
872,6.06393450085394
873,6.611512159901292
874,6.432450421782458
875,6.564968739145524
876,6.8597091690545335
877,7.020229222960034
878,6.710992496818368
879,6.196289699867176
880,6.259758554694774
881,5.919293899911249
882,5.733170437206002
883,5.913792450734305
884,5.861556042544943
885,6.25710111783407
886,6.336320923795416
887,5.9600534759158315
888,5.665143421237252
889,5.539559727567416
890,5.742886995950467
891,5.3636356481756415
892,5.238356702083198
893,5.204955151494284
894,5.3453495763770675
895,5.062697643037365
896,4.726558604280091
897,4.397170149360713
898,4.653168401045276
899,5.012171462888211
900,4.649351812254931
901,4.792976446244435
902,4.562771436674704
903,4.636827840961736
904,4.363514099935892
905,4.353229910396168
906,4.0901150770716
907,3.9616838359537243
908,4.046572130769965
909,4.32402457477193
910,4.328971990709302
911,4.087608441028439
912,4.643911816774551
913,4.754918871917789
914,4.346849271765297
915,4.333883324876682
916,4.256197868730063
917,4.6167960650708855
918,4.2384314153122
919,4.159787505151193
920,4.497508810126657
921,4.308090020080606
922,4.070240422863673
923,3.886182448876762
924,3.8093669834199946
925,3.9179957636313976
926,3.8534460483459503
927,4.089894511857671
928,4.136034052834103
929,4.183531449674486
930,4.051734542029433
931,3.980490636298838
932,3.7621408298881756
933,3.70613025550264
934,3.6344834897080367
935,3.5721640849168343
936,3.5277692694027536
937,3.282136903123215
938,3.0134118747893677
939,3.108488349289185
940,3.7266457263130337
941,3.3524010235222934
942,2.769092532088149
943,3.530197093602346
944,3.8507481943614508
945,3.023075698250954
946,3.319461380380254
947,3.7365809663160707
948,4.528337298622706
949,4.378530194561001
950,3.7440604937389756
951,4.374026349598234
952,4.20079654037201
953,4.99297376784824
954,5.490308266066841
955,4.929619630389971
956,4.4207360618605795
957,4.151906855073336
958,4.588892225250849
959,5.195873004629121
960,5.326185844996723
961,5.802621907605407
962,5.142770734207208
963,5.357555474303601
964,5.679834509177337
965,5.203889004206622
966,4.992265950985757
967,4.950283020800084
968,4.838942036041569
969,5.0467615963605255
970,5.133112726919744
971,4.549973441824445
972,4.607210167738061
973,4.870678421677752
974,4.629999042208888
975,4.6433974941034535
976,4.886145904795418
977,4.9937015732959695
978,4.803770703176102
979,4.659387520992256
980,4.344010888622136
981,4.082648468344276
982,3.5483122454421743
983,3.035222079585492
984,2.657889896064824
985,2.8944348278110628
986,2.7570315779080543
987,3.0346857174149187
988,3.0484962259152226
989,3.263794139948695
990,3.0522219735822773
991,3.020825959630721
992,2.517561395692134
993,1.8266672582253445
994,1.9866865268784417
995,1.885553627413356
996,1.7938207100693613
997,1.6743979711282495
998,1.3274994077287523
999,1.1582398662315774
1000,2.4313871925380894
1001,2.4243043117392507
1002,2.7659939368879485
1003,3.0666294251720014
1004,3.1669704944332144
1005,2.7319974844418873
1006,3.162376790686947
1007,4.010002108420537
1008,4.540011465758912
1009,4.888466678866681
1010,4.486713706637904
1011,4.466031279507541
1012,4.1379804616090485
1013,3.9563476369252544
1014,3.8489702376341466
1015,3.944265645552365
1016,4.286210623354837
1017,3.886400249922882
1018,3.9489638880905904
1019,4.041999190268057
1020,3.8204918799578698
1021,3.9352943092317028
1022,4.011990313759245
1023,3.983367325991276
1024,3.865851732235291
1025,3.7040151140539956
1026,4.0183732719490814
1027,3.8423380182619544
1028,3.6618882981313146
1029,3.6650977526573447
1030,3.6623112143254772
1031,3.6045691279924004
1032,3.775987771234755
1033,3.843731356072176
1034,3.9342720161038462
1035,3.69872276079059
1036,3.41664636550451
1037,3.4096974148728236
1038,3.248700529411461
1039,3.359782646838277
1040,3.3878091330873605
1041,3.2110242654936196
1042,3.1959457105499633
1043,3.2217579271060433
1044,3.438659855663088
1045,3.32506488678259
1046,3.5089204850412496
1047,3.5869517232542094
1048,3.426707055406255
1049,3.1763659463457716
1050,2.8771756358289133
1051,2.8936768937391886
1052,2.926302486995573
1053,3.1457463333069575
1054,3.249499435976288
1055,3.3919810430877257
1056,3.3449845099433895
1057,3.0121149691694438
1058,3.125992603231241
1059,3.239671034714577
1060,3.3228935775798543
1061,3.017551048986671
1062,3.205956240490823
1063,3.386884898881602
1064,3.335494539692036
1065,3.2442012520622705
1066,3.001623515396667
1067,3.078471912716943
1068,3.143955252111331
1069,3.181327403668671
1070,3.18829998413392
1071,3.1552012381903176
1072,3.135609349089949
1073,2.9164554932714655
1074,3.1406235983015267
1075,2.8466955140397996
1076,2.725391609542216
1077,2.7130681851352856
1078,2.815995614253183
1079,3.0209603498008586
1080,3.3108064486839575
1081,2.9540728126999514
1082,2.7110495325178636
1083,2.844792733408104
1084,2.6490840824489683
1085,2.5363253561697103
1086,2.6400091057985273
1087,2.826572076441938
1088,2.8138683486741516
1089,2.707119665641193
1090,2.56525455959916
1091,3.052345641410576
1092,2.7975858560110516
1093,2.9376167382381877
1094,2.795822231659707
1095,1.809699165846985
1096,1.5522605032989576
1097,1.8622734641362548
1098,2.1690646050474407
1099,2.3404726522344848
1100,2.4236278545739816
1101,2.391413582457798
1102,2.772809269601954
1103,3.1863891399937785
1104,3.654505790012534
1105,4.007721222380389
1106,4.262406551249753
1107,4.1167375737084795
1108,3.409442421300708
1109,3.3889328290164595
1110,3.608466522046954
1111,4.468080511413743
1112,3.916818096049116
1113,3.5234612957111935
1114,4.111579721968374
1115,4.125987299725836
1116,3.427541800052256
1117,3.607494428983339
1118,3.739990866422816
1119,3.4483456154392473
1120,3.4278055601536295
1121,3.350157853243199
1122,3.196861083859306
1123,3.295059635011448
1124,3.1355283573703936
1125,3.0906351310413034
1126,3.0597562017729665
1127,3.3555175594720072
1128,3.1011850188043826
1129,3.3434689101578625
1130,2.742313214781264
1131,2.2268624631416873
1132,2.4270004265742227
1133,2.928108617192616
1134,3.20654601731092
1135,2.7116614680917213
1136,3.020555230150178
1137,3.1388268186055646
1138,3.2347342267120975
1139,3.0273053996361443
1140,3.1623475270983112
1141,3.0303205475921002
1142,3.3298390648237866
1143,3.3057485259102557
1144,3.041975283880989
1145,3.186690428842971
1146,3.4411256507112626
1147,3.539975637282343
1148,3.616559841245514
1149,3.4257543461618694
1150,3.6988170856881197
1151,3.734199695170318
1152,3.6940116442649713
1153,3.504379665063108
1154,3.6144322647907137
1155,4.01299770067828
1156,3.571597819761289
1157,3.7878183106360828
1158,3.8707940011200797
1159,3.9062796886376865
1160,3.794905010827373
1161,3.7119650148458265
1162,3.672659869946546
1163,3.475299055469261
1164,3.1363215590693256
1165,3.1719570345676806
1166,3.15648431763481
1167,3.255863300740282
1168,3.258884357577823
1169,3.5262694364225506
1170,3.417159385540238
1171,3.6312277443649683
1172,3.40503261199453
1173,3.4189753425024585
1174,3.2422982162581255
1175,3.322946126706189
1176,3.314051504344368
1177,3.050599911347943
1178,2.7965762014958706
1179,2.6460056923027904
1180,2.605923662746769
1181,2.8234654561053527
1182,2.7869959884334836
1183,2.80244581786451
1184,2.964743561194389
1185,3.5642027403039487
1186,3.402302991920127
1187,3.776045566932198
1188,4.359551983774561
1189,3.870978074939844
1190,4.2733864708772265
1191,4.108586188448296
1192,4.271770484129772
1193,4.280633150423817
1194,3.4028476993374617
1195,3.6052553134484935
1196,3.4685201216694668
1197,2.8428834438817088
1198,3.613316377170195
1199,3.1893415795868707
1200,4.295846838565187
1201,4.86941032984174
1202,4.564024850076908
1203,4.073793585154446
1204,3.563374923512027
1205,3.63521404165633
1206,3.4764738105340465
1207,4.776892175785712
1208,4.797926034333137
1209,4.724527200589442
1210,4.481420095738806
1211,4.998414075853151
1212,5.058057884710262
1213,5.5867504282644695
1214,5.359713868279621
1215,5.202604492065469
1216,5.039983032426225
1217,5.060997731542705
1218,4.931690333965664
1219,4.678609934672557
1220,4.598064555879656
1221,4.219158666686835
1222,4.608052386818485
1223,4.314788930839739
1224,4.17687397332817
1225,4.212475230860707
1226,3.759035912872265
1227,3.8116182325966426
1228,3.568428677910604
1229,3.9187951829702268
1230,3.759981821250809
1231,3.6858451250350197
1232,3.6482432798692312
1233,3.3704206862205655
1234,3.199420046456744
1235,2.79216565449457
1236,2.6967332531684325
1237,3.0178224807536154
1238,3.0014923364449526
1239,2.7643999558584946
1240,3.1097671294255154
1241,3.2084887803446023
1242,2.8888843154286783
1243,3.380782229854482
1244,3.6272376827629977
1245,3.5477506528838703
1246,3.5722248283502753
1247,3.2719807542737933
1248,3.3017635942308754
1249,3.1387253873233187
1250,2.5785497239816966
1251,2.5466517762332015
1252,3.657470953184093
1253,4.09443959773704
1254,3.7142363030606496
1255,3.9399884362245254
1256,3.483314775648824
1257,3.878188728586494
1258,4.077110842493913
1259,4.83489550904047
1260,4.605848760724826
1261,4.676286715530717
1262,4.7924255311265105
1263,4.658241563843341
1264,4.665071685838418
1265,3.7831394326269767
1266,4.321951085838858
1267,4.748217557732696
1268,4.989871845872519
1269,4.942615173332673
1270,5.146733514998941
1271,5.335520576863242
1272,5.26139210540378
1273,5.199250733341766
1274,5.321206768093442
1275,4.740658689700398
1276,4.45118672919001
1277,5.263993511659006
1278,4.911188940296138
1279,4.921525591632813
1280,4.950887971400752
1281,4.832736546610082
1282,4.649320566173625
1283,4.0824363316772025
1284,3.9087385477581424
1285,3.8206571961132534
1286,3.532497695252869
1287,3.337097348527249
1288,3.32560493618205
1289,3.296983352655704
1290,3.2409962531568137
1291,3.166495227672419
1292,2.8948460453999125
1293,3.2181900113536783
1294,3.407734915450156
1295,3.4576755374630905
1296,3.4230154177322185
1297,3.240814316540633
1298,3.3345858186708863
1299,3.1999102182753925
1300,3.2916258041916446
1301,3.3956441975640637
1302,3.5727418688898505
1303,3.330508094116757
1304,3.3706020088110416
1305,3.0516543128892697
1306,2.8146833297387697
1307,2.8316975188664575
1308,2.7421046186001274
1309,2.72868051501285
1310,2.6789282861054082
1311,2.620695286547717
1312,2.5644199570675905
1313,2.3447293330543597
1314,2.748009189059931
1315,2.8476333987546627
1316,2.477178362756973
1317,2.359303739647552
1318,2.1833376238689137
1319,2.1498197876368073
1320,1.6170950958930672
1321,1.8000822677070154
1322,1.8709593610863857
1323,1.6387726841956816
1324,1.5189494330381084
1325,1.7809241250690095
1326,1.7724526863411316
1327,2.097152943996302
1328,1.8173890191637827
1329,1.9844546080263348
1330,1.7604703371689974
1331,1.9404415288790213
1332,1.8230864022141016
1333,1.5684149292676342
1334,1.2371406946773382
1335,1.4901913799712394
1336,1.653963474484603
1337,1.7019339224717593
1338,2.05087329421122
1339,2.280522465979874
1340,2.266487279513183
1341,2.2960186616969014
1342,2.344337054868324
1343,2.329493507723546
1344,2.107745763647097
1345,2.3226205378711504
1346,2.4380451397104377
1347,2.664882919395969
1348,2.85960202368841
1349,2.7324107459360247
1350,2.6636874614818655
1351,2.407210071327189
1352,2.3224832120551877
1353,2.1158150267940403
1354,2.1494741686772008
1355,2.4864041522928777
1356,3.1176657542303463
1357,3.304353368207573
1358,4.2074994718637875
1359,3.9301653325725487
1360,4.277395429426562
1361,4.052212841595884
1362,3.770512530743114
1363,3.934399932440977
1364,3.8904340338633685
1365,3.9747119198156176
1366,4.416956145896005
1367,4.845484363921843
1368,4.227041777147303
1369,4.270662751606999
1370,4.409181786141994
1371,4.191775111675164
1372,3.9951140590238796
1373,3.4438053007509164
1374,3.7724746491141143
1375,4.504178933902747
1376,3.9206508255981407
1377,3.951413531667632
1378,3.70244015876702
1379,3.501737416925869
1380,3.0700916968378182
1381,2.844521808322107
1382,2.6495877130565297
1383,2.3268386923378377
1384,2.7257391441579437
1385,2.713344207197353
1386,2.798084268909056
1387,2.8369158627857103
1388,2.8401696831386443
1389,3.0593656692915436
1390,2.8609198017869
1391,2.939457653875483
1392,2.893979981041598
1393,3.2080959258218726
1394,3.0946539804823767
1395,2.833258940131629
1396,2.8662610655301357
1397,2.862287021480007
1398,3.11578735421657
1399,3.0795923743289912
1400,3.1853048580220005
1401,3.5869101321084838
1402,3.088949216990062
1403,3.0892622209633216
1404,2.799217036182357
1405,2.308342067859808
1406,2.346825041412171
1407,2.1212766144608213
1408,2.5173444300045698
1409,2.74750154296185
1410,2.696321775740748
1411,2.4577003916259423
1412,2.164797048961941
1413,2.257439307258851
1414,2.3278746023911636
1415,2.0323136003326487
1416,2.2774291356007805
1417,2.438463332909406
1418,2.5006261667367333
1419,2.4917013563720403
1420,2.509390472873905
1421,2.4917388857144913
1422,2.074251058841535
1423,2.077955540119984
1424,1.7820363991409858
1425,1.798236900816969
1426,1.7907090778813395
1427,1.475062930403262
1428,1.8435840841770836
1429,1.9990241907200013
1430,2.388448349487121
1431,2.6952689091238966
1432,2.6748237554097622
1433,2.4981268322754153
1434,2.775048496899189
1435,2.701399499563626
1436,2.6784107148445377
1437,2.6760349293311485
1438,2.5724388613091884
1439,2.7706977573428024
1440,2.872760799761047
1441,2.80525166944995
1442,3.145189241121618
1443,3.1674767422678425
1444,2.843017455036649
1445,2.551814610755832
1446,2.461474138217911
1447,2.076605184298807
1448,1.8856421979505005
1449,1.7397655397539469
1450,1.4820944520437385
1451,1.90397814892132
1452,2.013523250914024
1453,1.828573998641945
1454,1.7689898261606811
1455,1.9591076998010775
1456,1.8587542923886649
1457,1.9845884605227893
1458,2.3211330064226083
1459,2.2713109537783644
1460,2.2653934067756154
1461,2.4854639801790364
1462,2.3763402218579386
1463,2.3730660065475937
1464,2.390007863487326
1465,2.610853461408976
1466,2.7233914731332676
1467,2.8091000562663058
1468,3.0739192002109963
1469,2.8310712626655974
1470,3.281772177621859
1471,2.7050756147451107
1472,2.6608510447336275
1473,2.1775604591353175
1474,2.6851301847695264
1475,2.7906141513016434
1476,2.8581791020161513
1477,2.605688094393088
1478,2.7695769055593367
1479,2.9211668763036513
1480,2.717286568888699
1481,2.576629563442232
1482,2.771256882141636
1483,2.8255734674064112
1484,2.572858036344765
1485,2.6767595227348395
1486,2.471890014307766
1487,1.9884996141521636
1488,1.6829869106454423
1489,1.8677236471104872
1490,1.680847513000903
1491,1.5023741841828455
1492,1.9050861554623846
1493,1.7817327722873375
1494,1.7602841045594937
1495,2.173542312429075
1496,1.8232181779436907
1497,2.3233818299994615
1498,2.0899881264824987
1499,2.3190870782692294
1500,2.0741780795713454
1501,2.3093955634839123
1502,2.2788645993140495
1503,2.282708158792368
1504,2.362983786591748
1505,1.9200397400914981
1506,1.9606023068476541
1507,2.023511507495419
1508,2.309826516084966
1509,2.0549961118030797
1510,1.612969058913445
1511,1.7035235381497429
1512,1.2704152999397695
1513,1.0505226192231891
1514,1.0866471438508858
1515,0.8138772140570798
1516,0.7771822491249766
1517,1.275265245734536
1518,2.318301599448129
1519,2.1653051506364047
1520,2.319231235923355
1521,2.4669311088202868
1522,2.1093908526724947
1523,1.9091542167165951
1524,2.20755666057753
1525,2.344888524715858
1526,2.3394697890913188
1527,2.229922791248644
1528,1.7591606949720107
1529,1.6506830897803684
1530,1.4737535450289507
1531,1.3822052965571394
1532,1.3938507121981294
1533,0.8919898192310965
1534,0.7109443064142155
1535,1.073682851215584
1536,1.0005673364905718
1537,0.5963716996628624
1538,0.515102833667846
1539,0.41453385052786706
1540,0.4321173715242129
1541,0.4371346919524522
1542,1.0306705973285064
1543,2.234990083386596
1544,2.4195635766458063
1545,2.793979431490975
1546,2.8802371020358346
1547,3.5902318185236077
1548,3.614182129430022
1549,3.3686355479778585
1550,3.14450326308351
1551,4.964827989734291
1552,5.142050101966332
1553,5.100299235390553
1554,4.062846303464578
1555,4.882791251435386
1556,5.6389963155398
1557,5.6388910335873765
1558,5.7545379007507105
1559,6.350834777174132
1560,5.946080659506018
1561,6.49153156864005
1562,6.537419612436074
1563,5.8092122573900555
1564,4.95324295984696
1565,5.548749791070553
1566,5.100127949268068
1567,5.016262401816002
1568,4.469348735048715
1569,3.7846060503075094
1570,3.9601438092157104
1571,4.431967178817405
1572,4.609819686692565
1573,4.709312095610195
1574,4.557802457104276
1575,4.276391350609654
1576,4.746864244357794
1577,3.967874542092732
1578,3.576618020525631
1579,3.2595551608667477
1580,3.2138054976026273
1581,3.0484383734004474
1582,2.8612375765094322
1583,3.2238662496642316
1584,3.1746446922724374
1585,3.0501081714322713
1586,2.7025530988512174
1587,3.0488321469095347
1588,2.775933726490284
1589,2.5971619155848042
1590,2.7829347514649796
1591,2.8635297027648954
1592,2.7977363056971507
1593,2.7741856860339738
1594,2.834062031718184
1595,2.4165497443563306
1596,2.0726225407532635
1597,1.829911925666234
1598,1.6499056990302214
1599,1.618804765922739
1600,1.455746033692453
1601,1.4717648280312874
1602,1.8020150520247529
1603,1.9746877089143406
1604,2.57090731032478
1605,2.905099216111151
1606,3.0067148369443806
1607,3.0799592334040664
1608,3.6638547594745146
1609,3.719863857284641
1610,3.6194066098786553
1611,3.521605239221229
1612,3.322986221314768
1613,3.245466880120991
1614,3.101660656862482
1615,3.1083265734910643
1616,2.9539022309143443
1617,3.3529703126084325
1618,3.2034182167949083
1619,3.0407321241972176
1620,3.9480313901577606
1621,4.534334121037875
1622,4.607096322525857
1623,4.646075394226614
1624,4.83882082750792
1625,4.952277015342546
1626,4.693284770075751
1627,4.523044342532525
1628,4.823938165804865
1629,5.022336228801368
1630,4.9360104984163335
1631,4.837805841041677
1632,4.063630182062332
1633,3.276141657946078
1634,3.9564549532434734
1635,4.0315837055712365
1636,3.0549953729493233
1637,2.6752754253339104
1638,2.1671479483991707
1639,1.6718308789935343
1640,2.0861793207905577
1641,2.329651430048815
1642,2.7431445537252714
1643,3.0825694634564784
1644,3.632516264803376
1645,4.629898410571567
1646,5.010119532050606
1647,4.449015537051473
1648,3.7640062698859658
1649,4.622524017563203
1650,4.794539658856896
1651,4.908707071039913
1652,5.345693399978699
1653,5.438140970677164
1654,5.457610609513928
1655,5.271467538235094
1656,5.260898104397573
1657,5.547162249029486
1658,5.092272776633885
1659,4.657198431834127
1660,5.082461284089023
1661,5.452477759312808
1662,6.3062145972588315
1663,6.902438419943508
1664,6.064590384684774
1665,6.552765654770859
1666,6.703003100756339
1667,6.408014932629894
1668,6.723111923572859
1669,7.308775195745868
1670,6.115303550702453
1671,6.698286997891886
1672,6.954619162809617
1673,7.073868424551137
1674,6.784475834602987
1675,5.926808195653022
1676,6.497109781858317
1677,6.539343507153234
1678,6.233758761504977
1679,6.000175689473011
1680,6.3769493253283365
1681,6.819689780265304
1682,6.48327738740703
1683,6.53372245184183
1684,6.460939182780336
1685,6.197209768959364
1686,6.156016182814891
1687,6.0798875556601235
1688,5.963383080434775
1689,5.736800708616573
1690,5.733663795728678
1691,5.800805092894117
1692,5.749051402454236
1693,5.495431220948356
1694,5.498995204259653
1695,5.812415497146546
1696,5.338645045107234
1697,5.049739580570987
1698,5.4106145684522104
1699,6.7195940544858095
1700,6.628739307997228
1701,6.302960611871766
1702,6.007470133492677
1703,6.257425641059236
1704,6.406685010462451
1705,6.838773260283497
1706,6.832248057438238
1707,6.399087323609346
1708,6.0479702419528145
1709,6.056099189356164
1710,6.154660141179213
1711,5.884328884585693
1712,5.775292158544447
1713,5.782117915883557
1714,5.513225533808749
1715,5.251780322413676
1716,5.11141507778888
1717,5.501286597633332
1718,6.126986913942839
1719,5.853447174745717
1720,5.8837101957252065
1721,5.884593730114649
1722,5.777243614223138
1723,5.717752962030695
1724,5.4054184951985045
1725,5.480106025019526
1726,5.426299782472389
1727,4.935015987302074
1728,5.669537081258254
1729,5.768550617530427
1730,5.998617132410611
1731,5.917652223186943
1732,5.83104288922981
1733,5.966641543312678
1734,5.826945357029796
1735,5.569668593489621
1736,5.445943192420945
1737,5.573164342442817
1738,5.46419256424039
1739,5.366639784258853
1740,5.213029410299848
1741,4.963783090084809
1742,4.874437514321065
1743,4.8978415308101315
1744,4.981268328209054
1745,5.201493385050533
1746,5.28549609542869
1747,5.431535325779745
1748,5.2871206382361615
1749,5.245007857138216
1750,5.337536880292773
1751,5.203535198979789
1752,5.279961316828677
1753,5.039856375725751
1754,5.272650342145252
1755,5.358045471171137
1756,5.142706252266794
1757,4.8758616700930215
1758,4.932965525293039
1759,4.880857695606696
1760,4.7275816066473295
1761,4.491794878640734
1762,4.607910367799608
1763,5.247637541847175
1764,4.371731628416222
1765,4.3060597239168255
1766,4.497372126623148
1767,4.4143632076201165
1768,4.743400798558482
1769,5.02245746178258
1770,4.664636181076641
1771,3.910954642078186
1772,4.253630087870443
1773,4.523115960733396
1774,4.495209530440309
1775,4.654010665211073
1776,4.466621783686971
1777,4.67850643729333
1778,4.271373278220715
1779,4.369719227939461
1780,4.406083739341986
1781,4.406916585629085
1782,4.14579706692488
1783,4.16283873838185
1784,4.251447414358342
1785,4.107712650784956
1786,4.312420423871772
1787,4.824740097331006
1788,5.239941844948713
1789,4.62681604930804
1790,5.60352572760184
1791,5.544340395462616
1792,5.161832758619651
1793,5.004000120046926
1794,4.8502380585616045
1795,5.365429461200364
1796,5.779972073129985
1797,5.350969413700015
1798,5.072086306762597
1799,4.428925173212588
1800,4.285218956028261
1801,4.141225750987959
1802,4.080357189026666
1803,4.583668322997649
1804,4.666034994000565
1805,4.437792981594429
1806,4.573233280470763
1807,3.7416659766116336
1808,3.7179721791973055
1809,3.500814200516245
1810,3.5441683475202903
1811,4.122838802273376
1812,3.8047983357768635
1813,4.6214501637224314
1814,4.7847430425816535
1815,5.022885022644833
1816,4.557979107129146
1817,4.4693473350259545
1818,4.02065331288652
1819,4.285051474599303
1820,3.7326024482818383
1821,3.2055251990931053
1822,3.23174410199805
1823,3.4032767139119633
1824,3.1223891004683098
1825,3.159213081054588
1826,3.2828561206739155
1827,3.4834688357023462
1828,3.605828007337786
1829,3.3168017199135704
1830,3.7830579588347826
1831,4.143635137355816
1832,4.178590379918139
1833,4.4259525900595795
1834,3.640567818575638
1835,3.241264773702963
1836,3.474249116259445
1837,4.365577554633223
1838,4.180735878139719
1839,4.5864248408000075
1840,4.458629407614086
1841,4.275413739254216
1842,4.331093133728858
1843,3.881095991639575
1844,4.108587202691749
1845,4.882904895826261
1846,5.170024457264867
1847,4.59926592204325
1848,4.817001731188333
1849,4.704357333768621
1850,4.046189704628615
1851,4.350959264688572
1852,5.094963675509973
1853,4.8291282592085345
1854,4.687180226856374
1855,4.950380370017779
1856,4.957016180878629
1857,5.088726830518497
1858,5.716402660432146
1859,5.120543486433241
1860,5.9726475919229305
1861,5.9880931680392315
1862,6.082323607790896
1863,5.955128965001134
1864,4.898631386542116
1865,5.8046558676668765
1866,5.425099925330532
1867,6.069514019310665
1868,6.111225574079263
1869,6.71541077250843
1870,7.292513339746287
1871,7.093948987021017
1872,7.088728397817265
1873,7.050021699135537
1874,6.2162550507289005
1875,6.138245136236674
1876,6.474109837346045
1877,6.516118086635117
1878,6.916075629421277
1879,7.0117045412204515
1880,7.253988839147443
1881,6.605196391782624
1882,6.628734363451371
1883,6.418777892318687
1884,6.452761618984502
1885,6.454770128711778
1886,6.134875326919175
1887,6.545530666243509
1888,6.487258154467053
1889,6.602503098441089
1890,6.658493445611429
1891,6.440380478451392
1892,6.2695071684131545
1893,5.9246826773641
1894,6.415787022536019
1895,6.061070746338247
1896,5.36817262439056
1897,5.78293425156801
1898,5.43562923410623
1899,5.453373868547841
1900,5.776308356708045
1901,5.503014538176785
1902,5.646748837464114
1903,5.342513217190548
1904,5.544623492593781
1905,5.567267683787617
1906,5.624818863145519
1907,5.621720222801162
1908,5.389172644550819
1909,5.770816444741073
1910,5.762032218385765
1911,5.609846169373469
1912,5.746475769643862
1913,6.1309028808927515
1914,5.574793249372648
1915,5.964925722189268
1916,6.070228577546462
1917,6.205308933369509
1918,6.207289827498343
1919,5.996798342664052
1920,6.2238022890416165
1921,6.286371230699698
1922,6.240884503255565
1923,5.974944615210458
1924,5.978806445418467
1925,6.323129156930745
1926,6.5715404107835065
1927,6.630688014432997
1928,6.3238625256581145
1929,6.415607648348662
1930,6.01439643564786
1931,5.9738512709802425
1932,5.809255604938159
1933,5.789540678981964
1934,5.715174217097575
1935,5.593444655175961
1936,5.584619732464868
1937,5.229942865700776
1938,5.117364482835787
1939,5.048931855462019
1940,5.010462920327235
1941,5.497906013381017
1942,5.1829402155391975
1943,4.718285142552876
1944,4.735370026089232
1945,4.5924157690401035
1946,4.43291661467634
1947,4.180690644029894
1948,3.8078653530577244
1949,3.55263220533657
1950,3.845396148395398
1951,3.8144354931843574
1952,3.8252666320963673
1953,4.685121758509335
1954,4.275639121902799
1955,4.628881052465001
1956,4.8790857532403855
1957,5.026806091190107
1958,4.992864586899186
1959,5.249353633641467
1960,4.902812423023314
1961,4.642379696083677
1962,4.4244013425984425
1963,4.271992302187016
1964,4.280940966466534
1965,4.105675666558886
1966,3.898752156919918
1967,3.6853357449264186
1968,3.487138368423303
1969,3.4225862297518077
1970,3.3410884567580466
1971,3.424844231534909
1972,3.4285441609371117
1973,3.4621013651944943
1974,3.4267201185314877
1975,3.4914880621781466
1976,3.45852883904368
1977,3.677142676149786
1978,3.603660525643
1979,3.732211943371757
1980,3.897356190416635
1981,4.105692004218372
1982,4.276721589186473
1983,4.1002749398993155
1984,4.108347977911663
1985,3.9663827360310617
1986,3.7698723688542
1987,3.829905689482383
1988,3.7617234230205288
1989,3.662924763413274
1990,4.079095141610476
1991,4.075358862043986
1992,4.250419472259143
1993,3.965096017740775
1994,3.6942393975262684
1995,3.741611479051788
1996,3.6954689101587337
1997,3.18351712501022
1998,2.8424634680928764
1999,2.799059589282469
2000,2.852708362756969
2001,2.7682715262049844
2002,2.7545563750313864
2003,2.217160736220462
2004,1.5079983547590856
2005,1.7757741876632624
2006,2.773353505736943
2007,2.8969081215879644
2008,3.0676460372431067
2009,3.0509840030091073
2010,2.8136047415381182
2011,2.529539565182823
2012,2.6671164308464603
2013,2.604411690246519
2014,3.226881735748592
2015,3.4472979470734813
2016,3.574978494289534
2017,3.297921627879519
2018,3.149792247940266
2019,2.6453557482512498
2020,2.587374510426247
2021,2.5213525860474775
2022,2.9873399735917996
2023,2.560978852945936
2024,2.9520530171551376
2025,3.8631956562092764
2026,4.68118252556393
2027,4.458736813760528
2028,3.977260633038804
2029,4.1538939073261565
2030,4.184948797111252
2031,3.6076127090423347
2032,5.024192587949124
2033,4.951072187486142
2034,4.628627456159333
2035,4.49344394351941
2036,4.433671186496588
2037,4.527127560304627
2038,4.178435393503034
2039,4.373226816235136
2040,3.9063420280489587
2041,3.0342130349906307
2042,2.220396555666744
2043,1.9380001291080946
2044,2.1273769532816122
2045,2.5925494028150515
2046,2.476474229266735
2047,2.465416323284972
2048,2.417576431487541
2049,2.888662148394582
2050,3.178021171937917
2051,3.3117644854305
2052,2.9753403048552687
2053,2.914169457981137
2054,2.9348722947619224
2055,3.7514580777037168
2056,4.939731404976164
2057,4.742506274396764
2058,5.29561383703993
2059,5.421509944823194
2060,5.366545027572087
2061,5.9134205197698515
2062,5.084333280442759
2063,4.837314342999736
2064,5.5243773456579595
2065,5.64683142756277
2066,6.097817086851446
2067,5.970393920748749
2068,5.130325184945644
2069,6.441284122137949
2070,6.763098546036976
2071,6.8467862136101765
2072,6.815867663296906
2073,6.842185410287021
2074,6.514051437941324
2075,6.354387180380819
2076,5.765852163106988
2077,5.721522846646347
2078,5.929858103638669
2079,5.299932565684958
2080,5.297289764969827
2081,4.980555197466611
2082,5.692768177042006
2083,5.217252570298117
2084,5.317381949052793
2085,5.830974535504193
2086,5.739927583892004
2087,5.6847482090004124
2088,5.510686075219896
2089,5.055650577513453
2090,5.214737168758408
2091,5.1754717076312495
2092,5.456929027337971
2093,5.223836387674343
2094,5.206680736141038
2095,5.396479029560071
2096,5.0842750003940225
2097,5.737210614881979
2098,5.9412340664031476
2099,5.7575659248955935
2100,5.271904221142361
2101,5.45899811219294
2102,4.91523909938437
2103,5.016649338463711
2104,5.32391994787136
2105,5.114336527847123
2106,5.002850667224733
2107,5.3827074210468435
2108,5.4743825917478945
2109,5.909193708253619
2110,6.127111021946683
2111,5.02777724770533
2112,4.761003744853177
2113,4.402751496221835
2114,4.527134217166778
2115,4.708508278608517
2116,4.302281200521074
2117,4.782711427329506
2118,4.836202896430978
2119,5.0114670234953
2120,4.73170621025062
2121,4.536284999659974
2122,4.539860418324433
2123,4.8393139771705265
2124,4.880775242763082
2125,5.670625815978671
2126,5.6851999697997275
2127,5.7987037668139125
2128,5.763679304139538
2129,5.652293790991863
2130,5.607680645080696
2131,5.326564727106431
2132,5.137420399019598
2133,5.3419322839896575
2134,5.369923331943938
2135,5.312731511537074
2136,5.1364313024172965
2137,5.173754379260972
2138,5.066567096471527
2139,5.225158635293479
2140,4.991771425099814
2141,4.716253953381059
2142,4.435391032486202
2143,4.454034468243866
2144,4.2897348182876085
2145,4.140393542827223
2146,3.984956672076937
2147,3.8329736474287603
2148,3.7838149035932793
2149,3.731836874723822
2150,3.4181596862898536
2151,3.3723508139209404
2152,3.3495617660026387
2153,3.5305241786516044
2154,3.307628391604209
2155,3.2703947202113124
2156,3.282539530875014
2157,3.237547784469295
2158,3.0082035869198247
2159,3.0475023128203356
2160,3.115412753531168
2161,3.258473166936399
2162,3.0464079895244653
2163,2.968677025938676
2164,3.228681648168006
2165,3.596937314546293
2166,3.7421545452320015
2167,3.8615547326399042
2168,3.8522144993635377
2169,3.8228052257207974
2170,3.9820869515292685
2171,3.7979639457380583
2172,3.365275824670502
2173,3.5831651885568943
2174,3.435633501490964
2175,3.010808210605645
2176,2.881057251323941
2177,3.033389933016877
2178,2.953720606307362
2179,2.852786066885183
2180,3.221872289270329
2181,3.568212826976269
2182,3.424285171007379
2183,3.3668475003721015
2184,3.816798348719857
2185,3.797216332541751
2186,3.763046848061345
2187,4.031436943173587
2188,4.056999370341789
2189,3.984883420512699
2190,4.007107157638625
2191,4.284564062253172
2192,4.65549347714916
2193,4.656827810972879
2194,3.802055750679361
2195,3.2096507406163712
2196,3.7456299702197007
2197,4.993942889049019
2198,5.468475191610971
2199,4.554990903370816
2200,4.675399593605235
2201,4.7772678725098485
2202,4.66405674987396
2203,4.705034203135487
2204,4.4898887844732185
2205,4.30336655454903
2206,4.1530831318167
2207,4.139407340197373
2208,4.36918695537008
2209,4.6919621207203726
2210,4.312448663815078
2211,4.216842227262533
2212,4.471474537593006
2213,4.483689689085995
2214,4.4234415453903475
2215,4.372579493401478
2216,4.258970883911872
2217,4.068354897288522
2218,3.950387584026415
2219,3.8855412099400457
2220,4.032970896719803
